session_id,participant_id,status,started_datetime,completed_date_time,time_taken,age,num_approvals,num_rejections,prolific_score,reviewed_at_datetime,entered_code,Country of Birth,Current Country of Residence,Employment Status,First Language,Nationality,Record Video,Sex,Student Status,Webcam
62a9d823491530d998840581,5ec81ba6c71d2b0f9add5de5,RETURNED,2022-06-15 13:01:23.669000,,66287.235094,21,138,3,98,,,CONSENT REVOKED,CONSENT REVOKED,CONSENT REVOKED,CONSENT REVOKED,CONSENT REVOKED,CONSENT REVOKED,CONSENT REVOKED,CONSENT REVOKED,CONSENT REVOKED
62a9d829379fa5c2bb8ca5f3,60d85bfa9227dcaa553083c7,RETURNED,2022-06-15 13:01:29.498000,,66281.419391,20,59,0,100,,,CONSENT REVOKED,CONSENT REVOKED,CONSENT REVOKED,CONSENT REVOKED,CONSENT REVOKED,CONSENT REVOKED,CONSENT REVOKED,CONSENT REVOKED,CONSENT REVOKED
62a9d835446220cb061c1d64,60c6315f59f271322758e94a,REJECTED,2022-06-15 13:01:41.867000,2022-06-15 13:07:12.441000,330.574,22,41,2,97,2022-06-15 13:37:30.380000,NOCODE,South Africa,South Africa,DATA EXPIRED,DATA EXPIRED,South Africa,Yes,Female,DATA EXPIRED,Yes
62a9d835554d73e03eebff23,613b7b74f40bbe72dee491b5,AWAITING REVIEW,2022-06-15 13:01:44.844000,2022-06-15 13:08:52.195000,427.351,23,57,1,100,,39F54BF2,Mexico,Mexico,Unemployed (and job seeking),Spanish,Mexico,Yes,Female,Yes,Yes
62a9d843915a5663c246dc08,6108033c1bf591fee2013a07,RETURNED,2022-06-15 13:01:55.780000,,66255.188533,27,103,0,100,,,CONSENT REVOKED,CONSENT REVOKED,CONSENT REVOKED,CONSENT REVOKED,CONSENT REVOKED,CONSENT REVOKED,CONSENT REVOKED,CONSENT REVOKED,CONSENT REVOKED
62a9d8508c9e2fe31cafe377,61164af5d35616bf4e9f3255,RETURNED,2022-06-15 13:12:08.341000,,65642.644957,48,56,1,100,,,CONSENT REVOKED,CONSENT REVOKED,CONSENT REVOKED,CONSENT REVOKED,CONSENT REVOKED,CONSENT REVOKED,CONSENT REVOKED,CONSENT REVOKED,CONSENT REVOKED
62a9d85b1aefba48fc9e042f,615e91bde2fa93822a4b6179,AWAITING REVIEW,2022-06-15 13:02:19.940000,2022-06-15 13:12:12.207000,592.267,23,16,1,97,,39F54BF2,South Africa,South Africa,Unemployed (and job seeking),DATA EXPIRED,South Africa,Yes,Male,No,Yes
62a9d863d19c6a9e4b7ff991,60f95234964c8e7bc43243c3,RETURNED,2022-06-15 13:02:27.015000,,66224.00318,21,60,0,100,,,CONSENT REVOKED,CONSENT REVOKED,CONSENT REVOKED,CONSENT REVOKED,CONSENT REVOKED,CONSENT REVOKED,CONSENT REVOKED,CONSENT REVOKED,CONSENT REVOKED
62a9d86ae2f65c25f66f36ec,5f11e0eb0e49cf0d036cdeb5,TIMED-OUT,2022-06-15 13:02:34.471000,,66216.56108,21,151,1,100,,,Italy,Italy,DATA EXPIRED,Italian,Italy,Yes,Male,DATA EXPIRED,Yes
62a9d86d6df2e7ed71c7a1d3,6107f99b4033d300a0879ed9,RETURNED,2022-06-15 13:08:58.912000,,65832.132906,20,132,0,100,,,CONSENT REVOKED,CONSENT REVOKED,CONSENT REVOKED,CONSENT REVOKED,CONSENT REVOKED,CONSENT REVOKED,CONSENT REVOKED,CONSENT REVOKED,CONSENT REVOKED
62a9d871491530d998840583,5d78d8ee90a13d001602b49c,RETURNED,2022-06-15 13:12:41.094000,,65609.965417,26,236,1,100,,,CONSENT REVOKED,CONSENT REVOKED,CONSENT REVOKED,CONSENT REVOKED,CONSENT REVOKED,CONSENT REVOKED,CONSENT REVOKED,CONSENT REVOKED,CONSENT REVOKED
62a9d877ba46946a27581fea,611ce3570a53282a7597ee62,RETURNED,2022-06-15 13:03:14.635000,,66176.438488,25,69,1,99,,,CONSENT REVOKED,CONSENT REVOKED,CONSENT REVOKED,CONSENT REVOKED,CONSENT REVOKED,CONSENT REVOKED,CONSENT REVOKED,CONSENT REVOKED,CONSENT REVOKED
62a9d87d6e60dc25cb8f43f5,600c076036051a2e189d19f2,RETURNED,2022-06-15 13:12:53.746000,,65597.341636,34,19,0,100,,,CONSENT REVOKED,CONSENT REVOKED,CONSENT REVOKED,CONSENT REVOKED,CONSENT REVOKED,CONSENT REVOKED,CONSENT REVOKED,CONSENT REVOKED,CONSENT REVOKED
62a9d87f526ed0254c1979c1,60c0df44f76460e8d205929f,RETURNED,2022-06-15 13:02:57.820000,,66193.282909,20,104,1,100,,,CONSENT REVOKED,CONSENT REVOKED,CONSENT REVOKED,CONSENT REVOKED,CONSENT REVOKED,CONSENT REVOKED,CONSENT REVOKED,CONSENT REVOKED,CONSENT REVOKED
62a9d883a2c93cae6a0914b4,60ec646b222d9ccbb92cef6b,RETURNED,2022-06-15 13:03:07.297000,,66183.818936,30,69,1,100,,,CONSENT REVOKED,CONSENT REVOKED,CONSENT REVOKED,CONSENT REVOKED,CONSENT REVOKED,CONSENT REVOKED,CONSENT REVOKED,CONSENT REVOKED,CONSENT REVOKED
62a9d88538d5c69798c242a4,6172e800b8d0e8883d85473d,RETURNED,2022-06-15 13:03:01.137000,,66189.991157,30,93,3,97,,,CONSENT REVOKED,CONSENT REVOKED,CONSENT REVOKED,CONSENT REVOKED,CONSENT REVOKED,CONSENT REVOKED,CONSENT REVOKED,CONSENT REVOKED,CONSENT REVOKED
62a9d888462a5b13c1d6d1b4,5ee93a8aa43b042d2529faec,RETURNED,2022-06-15 13:03:08.713000,,66182.433595,26,178,5,96,,,CONSENT REVOKED,CONSENT REVOKED,CONSENT REVOKED,CONSENT REVOKED,CONSENT REVOKED,CONSENT REVOKED,CONSENT REVOKED,CONSENT REVOKED,CONSENT REVOKED
62a9d88bb02cadbb8193381e,5ea958440d24f004332319bc,REJECTED,2022-06-15 13:03:07.344000,2022-06-15 13:22:17.647000,1150.303,23,270,2,100,2022-06-15 14:26:11.196000,39F54BF2,Italy,Italy,Full-Time,Italian,Italy,Yes,Male,No,Yes
62a9d8956814fb233ffe07aa,613625b3e47f5f6e037a1848,RETURNED,2022-06-15 13:03:17.731000,,66173.4454,20,46,0,100,,,CONSENT REVOKED,CONSENT REVOKED,CONSENT REVOKED,CONSENT REVOKED,CONSENT REVOKED,CONSENT REVOKED,CONSENT REVOKED,CONSENT REVOKED,CONSENT REVOKED
62a9d898580dbc17f3a62ada,600fdb12201b201d40206411,RETURNED,2022-06-15 13:03:20.418000,,66170.776005,23,140,4,97,,,CONSENT REVOKED,CONSENT REVOKED,CONSENT REVOKED,CONSENT REVOKED,CONSENT REVOKED,CONSENT REVOKED,CONSENT REVOKED,CONSENT REVOKED,CONSENT REVOKED
62a9d8af270f2957d1818e90,60ddf37bac75d61cfa6e81fc,RETURNED,2022-06-15 13:03:43.835000,,66147.374307,20,13,0,100,,,CONSENT REVOKED,CONSENT REVOKED,CONSENT REVOKED,CONSENT REVOKED,CONSENT REVOKED,CONSENT REVOKED,CONSENT REVOKED,CONSENT REVOKED,CONSENT REVOKED
62a9d8b27d8b610e8d228258,5f34331ef23dad166139d50b,RETURNED,2022-06-15 13:03:46.506000,,66144.716949,30,278,0,100,,,CONSENT REVOKED,CONSENT REVOKED,CONSENT REVOKED,CONSENT REVOKED,CONSENT REVOKED,CONSENT REVOKED,CONSENT REVOKED,CONSENT REVOKED,CONSENT REVOKED
62a9d8b2e086d6ca31e7a217,616736ea3a3b31f92941149a,AWAITING REVIEW,2022-06-15 13:03:49.362000,2022-06-15 13:27:20.199000,1410.837,28,102,2,100,,39F54BF2,South Africa,South Africa,DATA EXPIRED,DATA EXPIRED,South Africa,Yes,Male,DATA EXPIRED,Yes
62a9d8d2ec9fadea15813357,6164b4422e2259bfaa67f33a,TIMED-OUT,2022-06-15 13:04:49.250000,,66082.001374,34,110,1,100,,,South Africa,South Africa,Part-Time,DATA EXPIRED,South Africa,Yes,Female,No,Yes
62a9d8d987975ead10bdd030,6075848404073601c3294741,RETURNED,2022-06-15 13:04:25.238000,,66106.02924,20,89,0,100,,,CONSENT REVOKED,CONSENT REVOKED,CONSENT REVOKED,CONSENT REVOKED,CONSENT REVOKED,CONSENT REVOKED,CONSENT REVOKED,CONSENT REVOKED,CONSENT REVOKED
62a9d8df7d6e9ab8a53dab9e,615ace5aa72cd06120cce82f,RETURNED,2022-06-15 13:04:31.556000,,66099.723491,35,117,3,99,,,CONSENT REVOKED,CONSENT REVOKED,CONSENT REVOKED,CONSENT REVOKED,CONSENT REVOKED,CONSENT REVOKED,CONSENT REVOKED,CONSENT REVOKED,CONSENT REVOKED
62a9d8df7e2af9c23414ecc6,5b9259ab94d1b90001a1ec36,RETURNED,2022-06-15 13:04:31.245000,,66100.048142,33,278,2,100,,,CONSENT REVOKED,CONSENT REVOKED,CONSENT REVOKED,CONSENT REVOKED,CONSENT REVOKED,CONSENT REVOKED,CONSENT REVOKED,CONSENT REVOKED,CONSENT REVOKED
62a9d8e2d440e108818692fb,616d631dbb3ae2e1503d8c11,RETURNED,2022-06-15 13:14:34.502000,,65496.804769,30,62,0,100,,,CONSENT REVOKED,CONSENT REVOKED,CONSENT REVOKED,CONSENT REVOKED,CONSENT REVOKED,CONSENT REVOKED,CONSENT REVOKED,CONSENT REVOKED,CONSENT REVOKED
62a9d8e7ec3274ad9e0a613f,5ea94cd32998a7034eaabdf5,RETURNED,2022-06-15 13:04:39.020000,,66092.301165,45,242,1,100,,,CONSENT REVOKED,CONSENT REVOKED,CONSENT REVOKED,CONSENT REVOKED,CONSENT REVOKED,CONSENT REVOKED,CONSENT REVOKED,CONSENT REVOKED,CONSENT REVOKED
62a9d8f11cf47dd438c06d49,6074b3ec8435c912224ed2d1,TIMED-OUT,2022-06-15 13:04:49.194000,,66082.14091,20,58,0,100,,,Portugal,Portugal,DATA EXPIRED,Portuguese,Portugal,Yes,Female,DATA EXPIRED,Yes
62a9d8f20f96ce200856ad78,5f024691e3eda51001d5e1ae,RETURNED,2022-06-15 13:15:00.083000,,65471.266301,31,116,2,98,,,CONSENT REVOKED,CONSENT REVOKED,CONSENT REVOKED,CONSENT REVOKED,CONSENT REVOKED,CONSENT REVOKED,CONSENT REVOKED,CONSENT REVOKED,CONSENT REVOKED
62a9d8f366654a8d56fac652,61531814ac42ccab4dae7be1,TIMED-OUT,2022-06-15 13:04:51.241000,,66080.122288,32,112,1,99,,,France,France,DATA EXPIRED,French,France,Yes,Male,No,Yes
62a9d8f5d45d72dac392f513,602157bde0dc220d5172cb4a,RETURNED,2022-06-15 13:04:53.455000,,66077.92074,27,91,2,99,,,CONSENT REVOKED,CONSENT REVOKED,CONSENT REVOKED,CONSENT REVOKED,CONSENT REVOKED,CONSENT REVOKED,CONSENT REVOKED,CONSENT REVOKED,CONSENT REVOKED
62a9d90958a2ab73f378f6ec,60ca883c03ff81263967f06a,RETURNED,2022-06-15 13:05:13.926000,,66057.461859,22,112,3,98,,,CONSENT REVOKED,CONSENT REVOKED,CONSENT REVOKED,CONSENT REVOKED,CONSENT REVOKED,CONSENT REVOKED,CONSENT REVOKED,CONSENT REVOKED,CONSENT REVOKED
62a9d91027702ce8bdf0cda0,5fac1a3e935a7d133be5a4d7,RETURNED,2022-06-15 13:05:20.912000,,66050.488345,23,238,1,100,,,CONSENT REVOKED,CONSENT REVOKED,CONSENT REVOKED,CONSENT REVOKED,CONSENT REVOKED,CONSENT REVOKED,CONSENT REVOKED,CONSENT REVOKED,CONSENT REVOKED
62a9d915fd0da50b74b04188,5ffca360e5368712c0d99025,RETURNED,2022-06-15 13:15:25.290000,,65446.12498,28,210,3,99,,,CONSENT REVOKED,CONSENT REVOKED,CONSENT REVOKED,CONSENT REVOKED,CONSENT REVOKED,CONSENT REVOKED,CONSENT REVOKED,CONSENT REVOKED,CONSENT REVOKED
62a9d916c94b50aea726ea57,60dfc9563e2dcbbf37767b14,AWAITING REVIEW,2022-06-15 13:05:26.003000,2022-06-15 13:16:42.104000,676.101,24,68,1,100,,39F54BF2,South Africa,South Africa,Unemployed (and job seeking),DATA EXPIRED,South Africa,Yes,Female,Yes,Yes
62a9d917335c1b02ea153733,6144508baad90adc1c7cdeb1,AWAITING REVIEW,2022-06-15 13:05:27.314000,2022-06-15 13:15:55.018000,627.704,24,51,0,100,,39F54BF2,Mexico,Mexico,Unemployed (and job seeking),Spanish,Mexico,Yes,Male,Yes,Yes
62a9d918b5a30745db69672f,61732ac97ff5ebe39ca321e5,RETURNED,2022-06-15 13:05:38.823000,,66032.632064,22,66,1,100,,,CONSENT REVOKED,CONSENT REVOKED,CONSENT REVOKED,CONSENT REVOKED,CONSENT REVOKED,CONSENT REVOKED,CONSENT REVOKED,CONSENT REVOKED,CONSENT REVOKED
62a9d91900f689a4e79d90f7,60bfab23ea351ed10c772908,RETURNED,2022-06-15 13:05:29.255000,,66042.21478,24,113,2,99,,,CONSENT REVOKED,CONSENT REVOKED,CONSENT REVOKED,CONSENT REVOKED,CONSENT REVOKED,CONSENT REVOKED,CONSENT REVOKED,CONSENT REVOKED,CONSENT REVOKED
62a9d91ba9d01242a189d288,61068e53a1ecfcf4d50b9219,RETURNED,2022-06-15 13:05:35.139000,,66036.34681,32,86,0,100,,,CONSENT REVOKED,CONSENT REVOKED,CONSENT REVOKED,CONSENT REVOKED,CONSENT REVOKED,CONSENT REVOKED,CONSENT REVOKED,CONSENT REVOKED,CONSENT REVOKED
62a9d91cbd7b9020167b4625,60f6c87c7efc6a4df1230de9,RETURNED,2022-06-15 13:06:19.453000,,65992.045854,32,74,2,99,,,CONSENT REVOKED,CONSENT REVOKED,CONSENT REVOKED,CONSENT REVOKED,CONSENT REVOKED,CONSENT REVOKED,CONSENT REVOKED,CONSENT REVOKED,CONSENT REVOKED
62a9d9230f6d2396da6538c0,611d8cb015d4a95662b91ec3,RETURNED,2022-06-15 13:05:39.185000,,66032.327148,23,83,0,100,,,CONSENT REVOKED,CONSENT REVOKED,CONSENT REVOKED,CONSENT REVOKED,CONSENT REVOKED,CONSENT REVOKED,CONSENT REVOKED,CONSENT REVOKED,CONSENT REVOKED
62a9d92513048cc5603d076b,60ce7d7895a2b1b3af7efcd0,RETURNED,2022-06-15 13:05:44.034000,,66027.490838,40,71,3,97,,,CONSENT REVOKED,CONSENT REVOKED,CONSENT REVOKED,CONSENT REVOKED,CONSENT REVOKED,CONSENT REVOKED,CONSENT REVOKED,CONSENT REVOKED,CONSENT REVOKED
62a9d9276c100e61a439bdd8,6111b57c914b74ad4e9d0779,RETURNED,2022-06-15 13:05:47.681000,,66023.864888,23,11,0,100,,,CONSENT REVOKED,CONSENT REVOKED,CONSENT REVOKED,CONSENT REVOKED,CONSENT REVOKED,CONSENT REVOKED,CONSENT REVOKED,CONSENT REVOKED,CONSENT REVOKED
62a9d929a2c93cae6a0914b5,614c5568b8da906b118c158e,RETURNED,2022-06-15 13:15:45.916000,,65425.645449,25,86,0,100,,,CONSENT REVOKED,CONSENT REVOKED,CONSENT REVOKED,CONSENT REVOKED,CONSENT REVOKED,CONSENT REVOKED,CONSENT REVOKED,CONSENT REVOKED,CONSENT REVOKED
62a9d92d19bf336c0ff3367d,6174251128b70286d672aa55,RETURNED,2022-06-15 13:05:49.409000,,66022.168721,20,50,1,100,,,CONSENT REVOKED,CONSENT REVOKED,CONSENT REVOKED,CONSENT REVOKED,CONSENT REVOKED,CONSENT REVOKED,CONSENT REVOKED,CONSENT REVOKED,CONSENT REVOKED
62a9d92e9b760d53ea2c39f8,61086efb11a9d191801b5eda,RETURNED,2022-06-15 13:15:50.218000,,65421.376807,21,65,1,98,,,CONSENT REVOKED,CONSENT REVOKED,CONSENT REVOKED,CONSENT REVOKED,CONSENT REVOKED,CONSENT REVOKED,CONSENT REVOKED,CONSENT REVOKED,CONSENT REVOKED
62a9d935ab1732f73365beba,60d473c3cf18a59e10055cc7,RETURNED,2022-06-15 13:05:57.809000,,66013.797376,30,51,0,100,,,CONSENT REVOKED,CONSENT REVOKED,CONSENT REVOKED,CONSENT REVOKED,CONSENT REVOKED,CONSENT REVOKED,CONSENT REVOKED,CONSENT REVOKED,CONSENT REVOKED
62a9d93b7eeee5cc7b06aded,602e3256b9bd9291e86a4a12,RETURNED,2022-06-15 13:06:03.496000,,66008.122925,21,178,4,98,,,CONSENT REVOKED,CONSENT REVOKED,CONSENT REVOKED,CONSENT REVOKED,CONSENT REVOKED,CONSENT REVOKED,CONSENT REVOKED,CONSENT REVOKED,CONSENT REVOKED
62a9d93e63d31907afdc5dac,600de197658fd23cca8b3bf1,AWAITING REVIEW,2022-06-15 13:06:37.011000,2022-06-15 13:22:18.412000,941.401,23,114,1,99,,39F54BF2,Portugal,Portugal,Other,Portuguese,Portugal,Yes,Female,Yes,Yes
62a9d9404c03b338d073d66d,600b3ede2d1a0c0be4bbf22a,TIMED-OUT,2022-06-15 13:06:08.677000,,66002.971743,21,99,0,100,,,Portugal,Portugal,Unemployed (and job seeking),Portuguese,Portugal,Yes,Female,Yes,Yes
62a9d9418189c31f5be3cf6c,615c8512324e80bb9d5ae1ef,RETURNED,2022-06-15 13:06:09.575000,,66002.086418,40,117,0,100,,,CONSENT REVOKED,CONSENT REVOKED,CONSENT REVOKED,CONSENT REVOKED,CONSENT REVOKED,CONSENT REVOKED,CONSENT REVOKED,CONSENT REVOKED,CONSENT REVOKED
62a9d94290aa91f5d97ea73c,60ec23bf85a6b1b3df613d64,RETURNED,2022-06-15 13:16:10.200000,,65401.476875,32,65,0,100,,,CONSENT REVOKED,CONSENT REVOKED,CONSENT REVOKED,CONSENT REVOKED,CONSENT REVOKED,CONSENT REVOKED,CONSENT REVOKED,CONSENT REVOKED,CONSENT REVOKED
62a9d948d70bc9b2d84b2c7c,5a84b912000dab00018c98a9,RETURNED,2022-06-15 13:06:16.511000,,65995.180499,23,385,3,100,,,CONSENT REVOKED,CONSENT REVOKED,CONSENT REVOKED,CONSENT REVOKED,CONSENT REVOKED,CONSENT REVOKED,CONSENT REVOKED,CONSENT REVOKED,CONSENT REVOKED
62a9d94d554d73e03eebff2b,615aff05691d41b8ce734ca0,RETURNED,2022-06-15 13:06:57.184000,,65954.523843,25,86,1,100,,,CONSENT REVOKED,CONSENT REVOKED,CONSENT REVOKED,CONSENT REVOKED,CONSENT REVOKED,CONSENT REVOKED,CONSENT REVOKED,CONSENT REVOKED,CONSENT REVOKED
62a9d94fe74fa47ffeeac4e7,616151ac0c7dd4d85b3ca749,RETURNED,2022-06-15 13:06:30.844000,,65980.877513,34,119,1,100,,,CONSENT REVOKED,CONSENT REVOKED,CONSENT REVOKED,CONSENT REVOKED,CONSENT REVOKED,CONSENT REVOKED,CONSENT REVOKED,CONSENT REVOKED,CONSENT REVOKED
62a9d951eba44515a05326de,6138aea178ad34d722759561,RETURNED,2022-06-15 13:06:25.297000,,65986.438823,34,84,2,98,,,CONSENT REVOKED,CONSENT REVOKED,CONSENT REVOKED,CONSENT REVOKED,CONSENT REVOKED,CONSENT REVOKED,CONSENT REVOKED,CONSENT REVOKED,CONSENT REVOKED
62a9d9551cc8e6e5ccf238b4,61140416ad1f6526c22b2b4c,AWAITING REVIEW,2022-06-15 13:06:35.020000,2022-06-15 13:12:40.610000,365.59,20,17,1,98,,NOCODE,Portugal,Portugal,Part-Time,Portuguese,Portugal,Yes,Male,Yes,Yes
62a9d968eb8b4af7427ce018,6162023efc63b6cad46f8ac3,REJECTED,2022-06-15 13:06:48.804000,2022-06-15 13:12:00.808000,312.004,21,68,3,94,2022-06-15 13:39:50.627000,NOCODE,Portugal,Portugal,Unemployed (and job seeking),Portuguese,Portugal,Yes,Male,Yes,Yes
62a9d96c5e5b96bcbb819b5c,615e80f8f7b842e4f5653268,AWAITING REVIEW,2022-06-15 13:06:57.038000,2022-06-15 13:18:12.202000,675.164,33,106,1,100,,39F54BF2,South Africa,South Africa,DATA EXPIRED,Other,South Africa,Yes,Female,DATA EXPIRED,Yes
62a9d96d7a2a8aa9666d6435,612aa50d4ddb0c505d87ea6a,RETURNED,2022-06-15 13:07:05.348000,,65946.442246,25,27,0,100,,,CONSENT REVOKED,CONSENT REVOKED,CONSENT REVOKED,CONSENT REVOKED,CONSENT REVOKED,CONSENT REVOKED,CONSENT REVOKED,CONSENT REVOKED,CONSENT REVOKED
62a9d974dfa5d234bddac6d3,60f49bc8ed8976b9448e3730,RETURNED,2022-06-15 13:07:44.731000,,65907.072232,32,98,0,100,,,CONSENT REVOKED,CONSENT REVOKED,CONSENT REVOKED,CONSENT REVOKED,CONSENT REVOKED,CONSENT REVOKED,CONSENT REVOKED,CONSENT REVOKED,CONSENT REVOKED
62a9d97690aa91f5d97ea73d,5ece304189f86401d843f1a6,RETURNED,2022-06-15 13:07:02.275000,,65949.541069,20,132,0,100,,,CONSENT REVOKED,CONSENT REVOKED,CONSENT REVOKED,CONSENT REVOKED,CONSENT REVOKED,CONSENT REVOKED,CONSENT REVOKED,CONSENT REVOKED,CONSENT REVOKED
62a9d977e66fa95499dfcd2d,615591b8814426404194e181,RETURNED,2022-06-15 13:17:03.616000,,65348.21395,27,62,0,100,,,CONSENT REVOKED,CONSENT REVOKED,CONSENT REVOKED,CONSENT REVOKED,CONSENT REVOKED,CONSENT REVOKED,CONSENT REVOKED,CONSENT REVOKED,CONSENT REVOKED
62a9d979591fac75d1c3eb1c,5c3747496d465f00011a4d21,RETURNED,2022-06-15 13:07:05.833000,,65946.01038,29,359,0,100,,,CONSENT REVOKED,CONSENT REVOKED,CONSENT REVOKED,CONSENT REVOKED,CONSENT REVOKED,CONSENT REVOKED,CONSENT REVOKED,CONSENT REVOKED,CONSENT REVOKED
62a9d97c591fac75d1c3eb1e,605c9355001a5eb6d51e657d,RETURNED,2022-06-15 13:07:08.618000,,65943.240151,22,160,0,100,,,CONSENT REVOKED,CONSENT REVOKED,CONSENT REVOKED,CONSENT REVOKED,CONSENT REVOKED,CONSENT REVOKED,CONSENT REVOKED,CONSENT REVOKED,CONSENT REVOKED
62a9d97fb9798f883a40758f,6155cbac19aefc7681f4792f,RETURNED,2022-06-15 13:07:11.380000,,65940.492815,19,176,2,100,,,CONSENT REVOKED,CONSENT REVOKED,CONSENT REVOKED,CONSENT REVOKED,CONSENT REVOKED,CONSENT REVOKED,CONSENT REVOKED,CONSENT REVOKED,CONSENT REVOKED
62a9d98041563f5c52c07eb8,5bb73fdd9ff3cb0001d8105a,RETURNED,2022-06-15 13:07:12.881000,,65939.006129,32,252,5,96,,,CONSENT REVOKED,CONSENT REVOKED,CONSENT REVOKED,CONSENT REVOKED,CONSENT REVOKED,CONSENT REVOKED,CONSENT REVOKED,CONSENT REVOKED,CONSENT REVOKED
62a9d980d617c5807a689dae,5f209bb12cf3543aed1fee25,AWAITING REVIEW,2022-06-15 13:07:50.900000,2022-06-15 13:17:57.401000,606.501,27,298,2,100,,39F54BF2,Portugal,Portugal,Full-Time,Portuguese,Portugal,Yes,Female,No,Yes
62a9d9850aeee8e40bb58eda,6149bfe3f344d839dd547250,RETURNED,2022-06-15 13:07:17.883000,,65934.034638,20,81,2,99,,,CONSENT REVOKED,CONSENT REVOKED,CONSENT REVOKED,CONSENT REVOKED,CONSENT REVOKED,CONSENT REVOKED,CONSENT REVOKED,CONSENT REVOKED,CONSENT REVOKED
62a9d9867b871b4d05c01b4d,5e92f375c570bc00080b2a79,RETURNED,2022-06-15 13:07:18.174000,,65933.756993,30,311,1,100,,,CONSENT REVOKED,CONSENT REVOKED,CONSENT REVOKED,CONSENT REVOKED,CONSENT REVOKED,CONSENT REVOKED,CONSENT REVOKED,CONSENT REVOKED,CONSENT REVOKED
62a9d98aeb225305be12ce27,5ee644d58e523a3a343c581b,RETURNED,2022-06-15 13:17:22.722000,,65329.223365,30,67,1,98,,,CONSENT REVOKED,CONSENT REVOKED,CONSENT REVOKED,CONSENT REVOKED,CONSENT REVOKED,CONSENT REVOKED,CONSENT REVOKED,CONSENT REVOKED,CONSENT REVOKED
62a9d98b9a8720767659f2c7,5b16adc0388d8b00014fa3a0,RETURNED,2022-06-15 13:18:00.017000,,65291.94538,34,283,8,96,,,CONSENT REVOKED,CONSENT REVOKED,CONSENT REVOKED,CONSENT REVOKED,CONSENT REVOKED,CONSENT REVOKED,CONSENT REVOKED,CONSENT REVOKED,CONSENT REVOKED
62a9d98e7d51343150146e8d,602b9c22dab92a2f7d5a95f5,RETURNED,2022-06-15 13:10:53.606000,,65718.368701,26,105,2,97,,,CONSENT REVOKED,CONSENT REVOKED,CONSENT REVOKED,CONSENT REVOKED,CONSENT REVOKED,CONSENT REVOKED,CONSENT REVOKED,CONSENT REVOKED,CONSENT REVOKED
62a9d99087fa67b1e7c34389,6159c7b1663240e33767514a,RETURNED,2022-06-15 13:07:28.713000,,65923.277134,29,102,0,100,,,CONSENT REVOKED,CONSENT REVOKED,CONSENT REVOKED,CONSENT REVOKED,CONSENT REVOKED,CONSENT REVOKED,CONSENT REVOKED,CONSENT REVOKED,CONSENT REVOKED
62a9d993b89ca68da1425052,602428a41503ec0977a1dc5b,RETURNED,2022-06-15 13:12:32.136000,,65619.866402,19,121,2,98,,,CONSENT REVOKED,CONSENT REVOKED,CONSENT REVOKED,CONSENT REVOKED,CONSENT REVOKED,CONSENT REVOKED,CONSENT REVOKED,CONSENT REVOKED,CONSENT REVOKED
62a9d99548e44ac9c4db641a,5fc4bc07be970b93ac1ac3b2,RETURNED,2022-06-15 13:07:33.792000,,65918.222817,30,249,0,100,,,CONSENT REVOKED,CONSENT REVOKED,CONSENT REVOKED,CONSENT REVOKED,CONSENT REVOKED,CONSENT REVOKED,CONSENT REVOKED,CONSENT REVOKED,CONSENT REVOKED
62a9d99d5e5b96bcbb819b61,60eefa03a3290d76a193dde6,RETURNED,2022-06-15 13:07:46.689000,,65905.337818,42,62,0,100,,,CONSENT REVOKED,CONSENT REVOKED,CONSENT REVOKED,CONSENT REVOKED,CONSENT REVOKED,CONSENT REVOKED,CONSENT REVOKED,CONSENT REVOKED,CONSENT REVOKED
62a9d99d8fa306ca24e8754d,5c8942ff42ff490015c7e32e,AWAITING REVIEW,2022-06-15 13:07:45.887000,2022-06-15 13:16:10.449000,504.562,31,381,8,96,,39F54BF2,Romania,Hungary,Full-Time,Hungarian,Hungary,Yes,Male,No,Yes
62a9d99deb8b4af7427ce01c,615244aaae26aee9b4c62b28,RETURNED,2022-06-15 13:07:41.008000,,65911.056589,22,114,0,100,,,CONSENT REVOKED,CONSENT REVOKED,CONSENT REVOKED,CONSENT REVOKED,CONSENT REVOKED,CONSENT REVOKED,CONSENT REVOKED,CONSENT REVOKED,CONSENT REVOKED
62a9d99e6b6e98dd17ad239d,60fd6beec09d68cd019bcffb,RETURNED,2022-06-15 13:07:42.030000,,65910.054721,20,121,0,100,,,CONSENT REVOKED,CONSENT REVOKED,CONSENT REVOKED,CONSENT REVOKED,CONSENT REVOKED,CONSENT REVOKED,CONSENT REVOKED,CONSENT REVOKED,CONSENT REVOKED
62a9d99ed560b26ee422d19a,61123bdc9bdfe87e54a459a6,RETURNED,2022-06-15 13:07:42.444000,,65909.654147,22,55,1,100,,,CONSENT REVOKED,CONSENT REVOKED,CONSENT REVOKED,CONSENT REVOKED,CONSENT REVOKED,CONSENT REVOKED,CONSENT REVOKED,CONSENT REVOKED,CONSENT REVOKED
62a9d9a20e9ca964768846cd,5ff4d050827f81c55ab7ed3a,RETURNED,2022-06-15 13:07:46.308000,,65905.805517,19,56,0,100,,,CONSENT REVOKED,CONSENT REVOKED,CONSENT REVOKED,CONSENT REVOKED,CONSENT REVOKED,CONSENT REVOKED,CONSENT REVOKED,CONSENT REVOKED,CONSENT REVOKED
62a9d9a5406c2865066870c3,614397e06d85fcb10c7c9087,REJECTED,2022-06-15 13:07:49.311000,2022-06-15 13:38:45.928000,1856.617,31,94,1,100,2022-06-15 14:20:49.827000,39F54BF2,South Africa,South Africa,DATA EXPIRED,DATA EXPIRED,DATA EXPIRED,Yes,DATA EXPIRED,DATA EXPIRED,Yes
62a9d9a5eed1864d766c85c4,60d31faf73bf3313b441aebf,AWAITING REVIEW,2022-06-15 13:07:49.156000,2022-06-15 13:26:16.197000,1107.041,22,25,0,100,,39F54BF2,Poland,Poland,Part-Time,Polish,Poland,Yes,Female,Yes,Yes
62a9d9a69cbba39ad55835ee,613bbe37bb5e6fa81c182308,RETURNED,2022-06-15 13:12:12.604000,,65639.548986,25,182,2,100,,,CONSENT REVOKED,CONSENT REVOKED,CONSENT REVOKED,CONSENT REVOKED,CONSENT REVOKED,CONSENT REVOKED,CONSENT REVOKED,CONSENT REVOKED,CONSENT REVOKED
62a9d9abbb0cb8a5019df3eb,61516f157092b66018472a2f,AWAITING REVIEW,2022-06-15 13:08:08.320000,2022-06-15 13:14:25.704000,377.384,26,125,2,100,,39F54BF2,Spain,Spain,Full-Time,Basque,Spain,Yes,Male,Yes,Yes
62a9d9ae944ef23301d18584,5f67738a1aadce071e716263,RETURNED,2022-06-15 13:07:58.257000,,65893.922849,24,134,0,100,,,CONSENT REVOKED,CONSENT REVOKED,CONSENT REVOKED,CONSENT REVOKED,CONSENT REVOKED,CONSENT REVOKED,CONSENT REVOKED,CONSENT REVOKED,CONSENT REVOKED
62a9d9b257cacb9150fd4c44,60c0fbf9264394e8e2c57bac,TIMED-OUT,2022-06-15 13:08:02.352000,,65889.840523,28,96,3,98,,,South Africa,South Africa,Full-Time,English,South Africa,Yes,Male,No,Yes
62a9d9b565442ae2295eab97,60f59f5c264fe8191a97bef2,RETURNED,2022-06-15 13:18:05.041000,,65287.16609,25,53,0,100,,,CONSENT REVOKED,CONSENT REVOKED,CONSENT REVOKED,CONSENT REVOKED,CONSENT REVOKED,CONSENT REVOKED,CONSENT REVOKED,CONSENT REVOKED,CONSENT REVOKED
62a9d9b5b5cd742687740a76,5bfd745a8acfed00011a6975,TIMED-OUT,2022-06-15 13:08:05.837000,,65886.384619,26,522,7,98,,,Portugal,Portugal,Full-Time,Portuguese,Portugal,Yes,Male,No,Yes
62a9d9b6ca8928fc3d3e2906,615d7acbb9a02581184e33af,RETURNED,2022-06-15 13:08:43.900000,,65848.334233,26,47,0,100,,,CONSENT REVOKED,CONSENT REVOKED,CONSENT REVOKED,CONSENT REVOKED,CONSENT REVOKED,CONSENT REVOKED,CONSENT REVOKED,CONSENT REVOKED,CONSENT REVOKED
62a9d9b80e93c81bd7c7ddca,5c18af2fa3ee6c00019c52b4,AWAITING REVIEW,2022-06-15 13:11:35.246000,2022-06-15 13:24:55.317000,800.071,28,192,1,100,,39F54BF2,Greece,Greece,Full-Time,Greek,Greece,Yes,Male,No,Yes
62a9d9bf0176539da0db2471,5a5f02f276d1c60001ab7007,RETURNED,2022-06-15 13:08:25.888000,,65866.371763,44,359,5,98,,,CONSENT REVOKED,CONSENT REVOKED,CONSENT REVOKED,CONSENT REVOKED,CONSENT REVOKED,CONSENT REVOKED,CONSENT REVOKED,CONSENT REVOKED,CONSENT REVOKED
62a9d9bf4f948d4facbe8c29,601dce7bf47e0a1c616c05cc,AWAITING REVIEW,2022-06-15 13:08:18.388000,2022-06-15 13:19:06.663000,648.275,22,102,0,100,,39F54BF2,Portugal,Portugal,Other,Portuguese,Portugal,Yes,Female,Yes,Yes
62a9d9bfb1ff7628e61c6cf7,5fa45dc96da3af0b7dcba9a8,RETURNED,2022-06-15 13:08:15.690000,,65876.595119,43,220,0,100,,,CONSENT REVOKED,CONSENT REVOKED,CONSENT REVOKED,CONSENT REVOKED,CONSENT REVOKED,CONSENT REVOKED,CONSENT REVOKED,CONSENT REVOKED,CONSENT REVOKED
62a9d9c9270ca268468de619,6026944b7f3b5d347dd3c6f7,REJECTED,2022-06-15 13:08:25.340000,2022-06-15 13:25:02.113000,996.773,,192,4,99,2022-06-15 14:30:17.994000,39F54BF2,Iran,Hungary,DATA EXPIRED,Farsi,Iran,Yes,Female,DATA EXPIRED,Yes
62a9d9c9293fdef8bb1ad315,604bb7d2133f75f145703f6d,RETURNED,2022-06-15 13:08:25.716000,,65866.607997,33,196,7,95,,,CONSENT REVOKED,CONSENT REVOKED,CONSENT REVOKED,CONSENT REVOKED,CONSENT REVOKED,CONSENT REVOKED,CONSENT REVOKED,CONSENT REVOKED,CONSENT REVOKED
62a9d9c94a61aa8db0976e15,61715c627d1dd19a48cfeb91,RETURNED,2022-06-15 13:14:27.126000,,65505.211414,26,84,1,100,,,CONSENT REVOKED,CONSENT REVOKED,CONSENT REVOKED,CONSENT REVOKED,CONSENT REVOKED,CONSENT REVOKED,CONSENT REVOKED,CONSENT REVOKED,CONSENT REVOKED
62a9d9c9ab9c54f8e3f860e9,6169a6082f7211a8678ad266,AWAITING REVIEW,2022-06-15 13:08:58.833000,2022-06-15 13:17:11.485000,492.652,37,49,1,100,,NOCODE,Ghana,South Africa,Other,DATA EXPIRED,Ghana,Yes,Male,No,Yes
62a9d9cb7bcb3af8a73ea3a0,5fb9af2d31099057d4f5501c,RETURNED,2022-06-15 13:08:27.790000,,65864.574428,21,155,0,100,,,CONSENT REVOKED,CONSENT REVOKED,CONSENT REVOKED,CONSENT REVOKED,CONSENT REVOKED,CONSENT REVOKED,CONSENT REVOKED,CONSENT REVOKED,CONSENT REVOKED
62a9d9ce256289f3a1289cdc,615f3150131744464b58c90e,TIMED-OUT,2022-06-15 13:08:38.529000,,65853.849083,31,38,0,100,,,South Africa,South Africa,Full-Time,DATA EXPIRED,South Africa,Yes,Female,No,Yes
62a9d9ce91bfca5b42f05c5b,61522bba58abdb7bdf423099,AWAITING REVIEW,2022-06-15 13:08:38.364000,2022-06-15 13:19:43.807000,665.443,33,28,0,100,,39F54BF2,Latvia,Latvia,Full-Time,Russian,Belarus,Yes,Male,No,Yes
62a9d9cee15fbb19205ddd73,614e1c414dff2e589169f360,RETURNED,2022-06-15 13:08:35.858000,,65856.547365,28,78,0,100,,,CONSENT REVOKED,CONSENT REVOKED,CONSENT REVOKED,CONSENT REVOKED,CONSENT REVOKED,CONSENT REVOKED,CONSENT REVOKED,CONSENT REVOKED,CONSENT REVOKED
62a9d9d04430b847801ba990,60ff1233ba764c3de1cf31a1,RETURNED,2022-06-15 13:08:32.580000,,65859.844338,23,122,0,100,,,CONSENT REVOKED,CONSENT REVOKED,CONSENT REVOKED,CONSENT REVOKED,CONSENT REVOKED,CONSENT REVOKED,CONSENT REVOKED,CONSENT REVOKED,CONSENT REVOKED
62a9d9d0d97d3930e5605708,6155bd80c7a9dcaaa175fd4f,RETURNED,2022-06-15 13:08:32.346000,,65860.091653,49,155,2,99,,,CONSENT REVOKED,CONSENT REVOKED,CONSENT REVOKED,CONSENT REVOKED,CONSENT REVOKED,CONSENT REVOKED,CONSENT REVOKED,CONSENT REVOKED,CONSENT REVOKED
62a9d9d49679ab36a7af7967,61272112a45a9698f73a2070,AWAITING REVIEW,2022-06-15 13:08:41.081000,2022-06-15 13:17:54.199000,553.118,37,147,3,98,,39F54BF2,Zimbabwe,South Africa,Full-Time,DATA EXPIRED,Zimbabwe,Yes,Male,No,Yes
62a9d9db0b4d160cf31b8d3f,5eaf3e142627076426921b1b,RETURNED,2022-06-15 13:08:43.031000,,65849.432337,21,289,0,100,,,CONSENT REVOKED,CONSENT REVOKED,CONSENT REVOKED,CONSENT REVOKED,CONSENT REVOKED,CONSENT REVOKED,CONSENT REVOKED,CONSENT REVOKED,CONSENT REVOKED
62a9d9dca8148e092191f9e5,5c80ffac916a950016719235,RETURNED,2022-06-15 13:19:00.047000,,65232.428716,27,205,2,100,,,CONSENT REVOKED,CONSENT REVOKED,CONSENT REVOKED,CONSENT REVOKED,CONSENT REVOKED,CONSENT REVOKED,CONSENT REVOKED,CONSENT REVOKED,CONSENT REVOKED
62a9d9dd7a641d10778da2ae,5e34755f267efd43f2d58b4c,RETURNED,2022-06-15 13:08:45.380000,,65847.109006,21,113,1,100,,,CONSENT REVOKED,CONSENT REVOKED,CONSENT REVOKED,CONSENT REVOKED,CONSENT REVOKED,CONSENT REVOKED,CONSENT REVOKED,CONSENT REVOKED,CONSENT REVOKED
62a9d9df7e2b376d969603d3,5efd146921bf49159fe2d166,RETURNED,2022-06-15 13:08:47.066000,,65845.435549,27,200,2,99,,,CONSENT REVOKED,CONSENT REVOKED,CONSENT REVOKED,CONSENT REVOKED,CONSENT REVOKED,CONSENT REVOKED,CONSENT REVOKED,CONSENT REVOKED,CONSENT REVOKED
62a9d9e35c7da84c5b5241af,608d4e91d08ff4d32dbba3ad,AWAITING REVIEW,2022-06-15 13:08:53.749000,2022-06-15 13:17:12.702000,498.953,29,62,1,100,,39F54BF2,Portugal,Portugal,Full-Time,Portuguese,Portugal,Yes,Female,Yes,Yes
62a9d9e412adb78dd7f9f1af,5fd5038ab78cf82f89c86bdc,RETURNED,2022-06-15 13:08:52.070000,,65840.471366,20,172,0,100,,,CONSENT REVOKED,CONSENT REVOKED,CONSENT REVOKED,CONSENT REVOKED,CONSENT REVOKED,CONSENT REVOKED,CONSENT REVOKED,CONSENT REVOKED,CONSENT REVOKED
62a9d9e473d0739264e54c6a,617444bde2e0b186fbd25ca9,RETURNED,2022-06-15 13:08:52.774000,,65839.77968,23,48,1,100,,,CONSENT REVOKED,CONSENT REVOKED,CONSENT REVOKED,CONSENT REVOKED,CONSENT REVOKED,CONSENT REVOKED,CONSENT REVOKED,CONSENT REVOKED,CONSENT REVOKED
62a9d9e7725c1f4b7a97e0bc,61143239ca74fd7541bd8399,AWAITING REVIEW,2022-06-15 13:08:55.826000,2022-06-15 13:17:12.937000,497.111,21,24,1,99,,39F54BF2,South Africa,South Africa,Other,DATA EXPIRED,South Africa,Yes,Male,Yes,Yes
62a9d9ea14a6af2d66954845,611a88816a0701c43ae30df6,AWAITING REVIEW,2022-06-15 13:11:30.334000,2022-06-15 13:25:56.178000,865.844,26,62,2,98,,39F54BF2,South Africa,South Africa,Full-Time,DATA EXPIRED,South Africa,Yes,Female,No,Yes
62a9d9eb26703f34e6075d3c,60f344e6ef656e3ce8bfe35c,TIMED-OUT,2022-06-15 13:09:10.771000,,65821.81877,25,43,1,100,,,South Africa,South Africa,Unemployed (and job seeking),DATA EXPIRED,South Africa,Yes,Female,Yes,Yes
62a9d9ec5885568a72d419bc,612dd1efd339db83def47366,AWAITING REVIEW,2022-06-15 13:10:33.404000,2022-06-15 13:18:13.673000,460.269,24,75,1,99,,39F54BF2,South Africa,South Africa,Full-Time,DATA EXPIRED,South Africa,Yes,Female,Yes,Yes
62a9d9ec588a3489f23495cb,6124c2a661f3a44f8c7c7f25,RETURNED,2022-06-15 13:19:00.090000,,65232.544887,23,55,1,100,,,CONSENT REVOKED,CONSENT REVOKED,CONSENT REVOKED,CONSENT REVOKED,CONSENT REVOKED,CONSENT REVOKED,CONSENT REVOKED,CONSENT REVOKED,CONSENT REVOKED
62a9d9f1dd7238fcc55f20f7,5d9265cde0cd75001a485441,RETURNED,2022-06-15 13:09:05.988000,,65826.664011,25,348,1,100,,,CONSENT REVOKED,CONSENT REVOKED,CONSENT REVOKED,CONSENT REVOKED,CONSENT REVOKED,CONSENT REVOKED,CONSENT REVOKED,CONSENT REVOKED,CONSENT REVOKED
62a9d9f1df9b7159539aab2f,60d333c3c400caf1dcdbe2a4,RETURNED,2022-06-15 13:09:25.111000,,65807.555101,37,146,3,99,,,CONSENT REVOKED,CONSENT REVOKED,CONSENT REVOKED,CONSENT REVOKED,CONSENT REVOKED,CONSENT REVOKED,CONSENT REVOKED,CONSENT REVOKED,CONSENT REVOKED
62a9d9f867c614fe2b68187b,5eb181ce611ac50989d4bd03,AWAITING REVIEW,2022-06-15 13:09:12.663000,2022-06-15 13:16:31.705000,439.042,37,602,0,100,,39F54BF2,Germany,Germany,Full-Time,German,Germany,Yes,Male,DATA EXPIRED,Yes
62a9d9facf9b8fff5ae90e8b,5ed3e885034557397f017ef0,RETURNED,2022-06-15 13:09:14.732000,,65817.958048,40,189,7,97,,,CONSENT REVOKED,CONSENT REVOKED,CONSENT REVOKED,CONSENT REVOKED,CONSENT REVOKED,CONSENT REVOKED,CONSENT REVOKED,CONSENT REVOKED,CONSENT REVOKED
62a9d9fb25cf1403c4f354ad,5fce73ec7a8bda09b12ae772,RETURNED,2022-06-15 13:09:15.720000,,65817.003623,25,181,0,100,,,CONSENT REVOKED,CONSENT REVOKED,CONSENT REVOKED,CONSENT REVOKED,CONSENT REVOKED,CONSENT REVOKED,CONSENT REVOKED,CONSENT REVOKED,CONSENT REVOKED
62a9da02250ac2780ec09b0d,606dedba4184491311b575a5,RETURNED,2022-06-15 13:09:22.699000,,65810.037892,24,101,1,100,,,CONSENT REVOKED,CONSENT REVOKED,CONSENT REVOKED,CONSENT REVOKED,CONSENT REVOKED,CONSENT REVOKED,CONSENT REVOKED,CONSENT REVOKED,CONSENT REVOKED
62a9da0694fcbd298a72aa0d,5f27d05bbf1239014776fc3a,AWAITING REVIEW,2022-06-15 13:10:36.590000,2022-06-15 13:19:20.831000,524.241,63,276,2,100,,39F54BF2,South Africa,South Africa,Part-Time,DATA EXPIRED,South Africa,Yes,Female,No,Yes
62a9da0bb9798f883a407597,60fefe76788cef38c86957ae,RETURNED,2022-06-15 13:10:35.890000,,65736.871464,31,152,1,100,,,CONSENT REVOKED,CONSENT REVOKED,CONSENT REVOKED,CONSENT REVOKED,CONSENT REVOKED,CONSENT REVOKED,CONSENT REVOKED,CONSENT REVOKED,CONSENT REVOKED
62a9da0f91a9066021c45a67,5f5f618ef08f64000825ec16,RETURNED,2022-06-15 13:09:41.560000,,65791.213375,26,100,2,99,,,CONSENT REVOKED,CONSENT REVOKED,CONSENT REVOKED,CONSENT REVOKED,CONSENT REVOKED,CONSENT REVOKED,CONSENT REVOKED,CONSENT REVOKED,CONSENT REVOKED
62a9da10613d11d396bb8b7e,615da6ef136d2d771b3efee0,RETURNED,2022-06-15 13:09:36.038000,,65796.747159,32,80,1,100,,,CONSENT REVOKED,CONSENT REVOKED,CONSENT REVOKED,CONSENT REVOKED,CONSENT REVOKED,CONSENT REVOKED,CONSENT REVOKED,CONSENT REVOKED,CONSENT REVOKED
62a9da13ee570b8970341bf8,6102ed7a9e1866b7ff82a7b9,RETURNED,2022-06-15 13:09:42.749000,,65790.048481,20,116,5,96,,,CONSENT REVOKED,CONSENT REVOKED,CONSENT REVOKED,CONSENT REVOKED,CONSENT REVOKED,CONSENT REVOKED,CONSENT REVOKED,CONSENT REVOKED,CONSENT REVOKED
62a9da16682615f3213f4b25,60e86131cf4df306f5b38d6b,RETURNED,2022-06-15 13:14:39.225000,,65493.603925,23,42,2,98,,,CONSENT REVOKED,CONSENT REVOKED,CONSENT REVOKED,CONSENT REVOKED,CONSENT REVOKED,CONSENT REVOKED,CONSENT REVOKED,CONSENT REVOKED,CONSENT REVOKED
62a9da1673d0739264e54c6e,613f00ed5c3a2ad71438d095,REJECTED,2022-06-15 13:09:42.393000,2022-06-15 13:36:18.377000,1595.984,30,76,1,100,2022-06-15 14:15:43.418000,39F54BF2,South Africa,South Africa,Full-Time,DATA EXPIRED,South Africa,Yes,Female,No,Yes
62a9da17b91dfc728225a57e,5c126ef8e2728500013f98fe,RETURNED,2022-06-15 13:19:43.177000,,65189.675939,30,238,1,99,,,CONSENT REVOKED,CONSENT REVOKED,CONSENT REVOKED,CONSENT REVOKED,CONSENT REVOKED,CONSENT REVOKED,CONSENT REVOKED,CONSENT REVOKED,CONSENT REVOKED
62a9da19415b581c582fbed9,61153a21a5d0c2e4d488e131,AWAITING REVIEW,2022-06-15 13:09:56.685000,2022-06-15 13:20:49.344000,652.659,29,25,1,99,,39F54BF2,South Africa,South Africa,Unemployed (and job seeking),DATA EXPIRED,South Africa,Yes,Male,Yes,Yes
62a9da1d61449d600497501d,5ba400e988f5f40001c90843,AWAITING REVIEW,2022-06-15 13:10:10.245000,2022-06-15 13:17:12.484000,422.239,36,119,1,100,,39F54BF2,Portugal,Portugal,DATA EXPIRED,Portuguese,Portugal,Yes,Female,DATA EXPIRED,Yes
62a9da1e760ff1e09c8e6535,5f268fa8c6f13f3d7f6b689a,RETURNED,2022-06-15 13:09:50.926000,,65781.968666,34,210,0,100,,,CONSENT REVOKED,CONSENT REVOKED,CONSENT REVOKED,CONSENT REVOKED,CONSENT REVOKED,CONSENT REVOKED,CONSENT REVOKED,CONSENT REVOKED,CONSENT REVOKED
62a9da1fabdebb80a6de7c80,609ced80d5bc67aa2085b008,RETURNED,2022-06-15 13:09:55.774000,,65777.13396,28,34,1,100,,,CONSENT REVOKED,CONSENT REVOKED,CONSENT REVOKED,CONSENT REVOKED,CONSENT REVOKED,CONSENT REVOKED,CONSENT REVOKED,CONSENT REVOKED,CONSENT REVOKED
62a9da209f2bd3bb39bcbd5f,61519bf42159e7d5fcf6cb9c,TIMED-OUT,2022-06-15 13:09:52.793000,,65780.12713,25,79,4,96,,,South Africa,South Africa,Due to start a new job within the next month,DATA EXPIRED,South Africa,Yes,Female,Yes,Yes
62a9da210aeee8e40bb58ede,60ccea5a5556abe9c0b13dff,RETURNED,2022-06-15 13:19:53.030000,,65179.902981,24,126,1,100,,,CONSENT REVOKED,CONSENT REVOKED,CONSENT REVOKED,CONSENT REVOKED,CONSENT REVOKED,CONSENT REVOKED,CONSENT REVOKED,CONSENT REVOKED,CONSENT REVOKED
62a9da29244dbe7d2780afac,611ce3140be0fc75d7cf2c67,AWAITING REVIEW,2022-06-15 13:10:10.025000,2022-06-15 13:23:36.884000,806.859,28,68,0,100,,39F54BF2,South Africa,South Africa,Full-Time,DATA EXPIRED,South Africa,Yes,Female,No,Yes
62a9da2a8f6dc6b6b132cfb3,5efb4b33c7a6250848455390,TIMED-OUT,2022-06-15 13:10:02.550000,,65770.407947,29,190,4,99,,,Argentina,Hungary,Part-Time,Spanish,Argentina,Yes,Male,Yes,Yes
62a9da2c0095116e9e42a28f,615fdb969d746266093d0eb1,RETURNED,2022-06-15 13:10:19.998000,,65752.971732,27,69,0,100,,,CONSENT REVOKED,CONSENT REVOKED,CONSENT REVOKED,CONSENT REVOKED,CONSENT REVOKED,CONSENT REVOKED,CONSENT REVOKED,CONSENT REVOKED,CONSENT REVOKED
62a9da2eda345cc9f03be11a,611a8584e7bf0f3299a24ca7,RETURNED,2022-06-15 13:10:53.576000,,65719.406449,27,95,2,99,,,CONSENT REVOKED,CONSENT REVOKED,CONSENT REVOKED,CONSENT REVOKED,CONSENT REVOKED,CONSENT REVOKED,CONSENT REVOKED,CONSENT REVOKED,CONSENT REVOKED
62a9da3056afdd3df442ab88,6168815bb83670c7d37d5709,RETURNED,2022-06-15 13:10:11.822000,,65761.17236,23,77,0,100,,,CONSENT REVOKED,CONSENT REVOKED,CONSENT REVOKED,CONSENT REVOKED,CONSENT REVOKED,CONSENT REVOKED,CONSENT REVOKED,CONSENT REVOKED,CONSENT REVOKED
62a9da3527f2e0cefb303c3f,605ddb3c61e1ce50865c3874,RETURNED,2022-06-15 13:10:13.770000,,65759.238911,23,111,0,100,,,CONSENT REVOKED,CONSENT REVOKED,CONSENT REVOKED,CONSENT REVOKED,CONSENT REVOKED,CONSENT REVOKED,CONSENT REVOKED,CONSENT REVOKED,CONSENT REVOKED
62a9da3b685a6be79f5cb0fe,612ba888d24d12eb3e06b15f,TIMED-OUT,2022-06-15 13:10:36.651000,,65736.372281,21,128,0,100,,,Spain,Spain,Other,Spanish,Spain,Yes,Female,Yes,Yes
62a9da4df8fd3ccaa701ac62,60b8db5feb283b86cce8de9f,RETURNED,2022-06-15 13:21:00.010000,,65113.025884,30,336,10,97,,,CONSENT REVOKED,CONSENT REVOKED,CONSENT REVOKED,CONSENT REVOKED,CONSENT REVOKED,CONSENT REVOKED,CONSENT REVOKED,CONSENT REVOKED,CONSENT REVOKED
62a9da4ea6d5ca899f0810cc,6011a4b308baec1050c17853,RETURNED,2022-06-15 13:21:00.010000,,65113.038035,45,275,2,100,,,CONSENT REVOKED,CONSENT REVOKED,CONSENT REVOKED,CONSENT REVOKED,CONSENT REVOKED,CONSENT REVOKED,CONSENT REVOKED,CONSENT REVOKED,CONSENT REVOKED
62a9da57bd340dd2f83dd73f,5f857edcc4d42502bec40821,AWAITING REVIEW,2022-06-15 13:10:47.912000,2022-06-15 13:20:47.956000,600.044,51,266,4,99,,39F54BF2,Greece,Greece,Full-Time,Greek,Greece,Yes,Female,No,Yes
62a9da5bf6078377ede61b6c,5fb82c69c7bb9a1c5a45945f,RETURNED,2022-06-15 13:10:54.756000,,65718.317687,23,170,1,100,,,CONSENT REVOKED,CONSENT REVOKED,CONSENT REVOKED,CONSENT REVOKED,CONSENT REVOKED,CONSENT REVOKED,CONSENT REVOKED,CONSENT REVOKED,CONSENT REVOKED
62a9da64d5939594183e277f,614729093372b9e84bc48f8e,RETURNED,2022-06-15 13:21:00.985000,,65112.100372,21,72,1,100,,,CONSENT REVOKED,CONSENT REVOKED,CONSENT REVOKED,CONSENT REVOKED,CONSENT REVOKED,CONSENT REVOKED,CONSENT REVOKED,CONSENT REVOKED,CONSENT REVOKED
62a9da8ef8fd3ccaa701ac6d,60f48efecd0938da7c2f5dbc,RETURNED,2022-06-15 13:12:58.667000,,65594.431248,25,144,1,100,,,CONSENT REVOKED,CONSENT REVOKED,CONSENT REVOKED,CONSENT REVOKED,CONSENT REVOKED,CONSENT REVOKED,CONSENT REVOKED,CONSENT REVOKED,CONSENT REVOKED
62a9da922a07e320b979026a,589630d22a697d0001cfca12,RETURNED,2022-06-15 13:11:46.936000,,65666.174981,40,817,5,100,,,CONSENT REVOKED,CONSENT REVOKED,CONSENT REVOKED,CONSENT REVOKED,CONSENT REVOKED,CONSENT REVOKED,CONSENT REVOKED,CONSENT REVOKED,CONSENT REVOKED
62a9dac439891ca4e5498636,5ebee36dc03b4414949c7b64,TIMED-OUT,2022-06-15 13:12:36.136000,,65616.986562,43,323,6,98,,,Poland,Poland,DATA EXPIRED,Polish,Poland,Yes,Female,DATA EXPIRED,Yes
62a9dac44be96c29013af2c3,5e822b16f4c3fb9446c4ac8e,RETURNED,2022-06-15 13:12:36.387000,,65616.748804,25,273,0,100,,,CONSENT REVOKED,CONSENT REVOKED,CONSENT REVOKED,CONSENT REVOKED,CONSENT REVOKED,CONSENT REVOKED,CONSENT REVOKED,CONSENT REVOKED,CONSENT REVOKED
62a9dacaefcc5921a4572917,6165d25922529904e5d7267d,REJECTED,2022-06-15 13:12:47.951000,2022-06-15 13:35:04.460000,1336.509,19,83,1,100,2022-06-15 14:22:15.673000,39F54BF2,South Africa,South Africa,Unemployed (and job seeking),DATA EXPIRED,South Africa,Yes,Female,Yes,Yes
62a9dae136dae0b6e44ea695,5eb301466978290d5f284326,RETURNED,2022-06-15 13:13:05.281000,,65587.883843,21,238,1,100,,,CONSENT REVOKED,CONSENT REVOKED,CONSENT REVOKED,CONSENT REVOKED,CONSENT REVOKED,CONSENT REVOKED,CONSENT REVOKED,CONSENT REVOKED,CONSENT REVOKED
62a9dae5f8e03f529ce77665,615f480bea322c274ab65073,RETURNED,2022-06-15 13:23:09.788000,,64983.39063,26,61,1,99,,,CONSENT REVOKED,CONSENT REVOKED,CONSENT REVOKED,CONSENT REVOKED,CONSENT REVOKED,CONSENT REVOKED,CONSENT REVOKED,CONSENT REVOKED,CONSENT REVOKED
62a9daee07ca23d8dd61b323,614dbb81ea24d2da32ec141f,AWAITING REVIEW,2022-06-15 13:13:27.953000,2022-06-15 13:27:32.844000,844.891,38,123,2,100,,39F54BF2,South Africa,South Africa,Full-Time,DATA EXPIRED,South Africa,Yes,Female,Yes,Yes
62a9db0ad3edf751244f40bc,61026e2c9829e7986adf365d,RETURNED,2022-06-15 13:13:47.854000,,65545.352031,31,125,5,96,,,CONSENT REVOKED,CONSENT REVOKED,CONSENT REVOKED,CONSENT REVOKED,CONSENT REVOKED,CONSENT REVOKED,CONSENT REVOKED,CONSENT REVOKED,CONSENT REVOKED
62a9db0ef8e03f529ce77667,5d7a275ae1980f0018725396,RETURNED,2022-06-15 13:23:50.149000,,64943.07125,26,183,3,97,,,CONSENT REVOKED,CONSENT REVOKED,CONSENT REVOKED,CONSENT REVOKED,CONSENT REVOKED,CONSENT REVOKED,CONSENT REVOKED,CONSENT REVOKED,CONSENT REVOKED
62a9db2e7898114010259bd7,615c16f92eaa4d27d7895dcd,RETURNED,2022-06-15 13:25:00.068000,,64873.164295,32,89,0,100,,,CONSENT REVOKED,CONSENT REVOKED,CONSENT REVOKED,CONSENT REVOKED,CONSENT REVOKED,CONSENT REVOKED,CONSENT REVOKED,CONSENT REVOKED,CONSENT REVOKED
62a9db336232beee7c703e71,5eaaec78a563dc0724c63b98,RETURNED,2022-06-15 13:14:29.558000,,65503.686408,33,158,4,99,,,CONSENT REVOKED,CONSENT REVOKED,CONSENT REVOKED,CONSENT REVOKED,CONSENT REVOKED,CONSENT REVOKED,CONSENT REVOKED,CONSENT REVOKED,CONSENT REVOKED
62a9db388cabc86614118348,60fe54550c56a36a9a0558cd,REJECTED,2022-06-15 13:23:34.833000,2022-06-15 13:40:27.388000,1012.555,35,89,2,98,2022-06-15 14:28:38.010000,39F54BF2,South Africa,South Africa,Full-Time,DATA EXPIRED,South Africa,Yes,Female,No,Yes
62a9db3ed4f1004955e1ad06,5f8214fbc85b173286e830c4,RETURNED,2022-06-15 13:14:38.564000,,65494.707492,20,50,0,100,,,CONSENT REVOKED,CONSENT REVOKED,CONSENT REVOKED,CONSENT REVOKED,CONSENT REVOKED,CONSENT REVOKED,CONSENT REVOKED,CONSENT REVOKED,CONSENT REVOKED
62a9db4760b78a7c6b62ffb8,6161b68070e752f148566630,AWAITING REVIEW,2022-06-15 13:14:47.088000,2022-06-15 13:22:10.011000,442.923,28,100,5,96,,39F54BF2,South Africa,South Africa,Full-Time,DATA EXPIRED,South Africa,Yes,Female,No,Yes
62a9db53f7b028fa57d25ea9,5e1f158a3e33582402807d9f,AWAITING REVIEW,2022-06-15 13:18:48.422000,2022-06-15 13:34:30.010000,941.588,22,245,0,100,,39F54BF2,Portugal,Portugal,Other,Portuguese,Portugal,Yes,Female,Yes,Yes
62a9db571d97bcb3752ad6db,60ec3a9f215cdd6282ebae6c,REJECTED,2022-06-15 13:15:15.043000,2022-06-15 13:40:28.062000,1513.019,29,29,2,96,2022-06-15 14:17:50.877000,39F54BF2,South Africa,South Africa,DATA EXPIRED,DATA EXPIRED,South Africa,Yes,Female,DATA EXPIRED,Yes
62a9db5a9a8720767659f2dc,5dfbefa35777b591c3999842,RETURNED,2022-06-15 13:15:45.561000,,65427.766234,45,189,1,100,,,CONSENT REVOKED,CONSENT REVOKED,CONSENT REVOKED,CONSENT REVOKED,CONSENT REVOKED,CONSENT REVOKED,CONSENT REVOKED,CONSENT REVOKED,CONSENT REVOKED
62a9db64bdfe221d15cc89da,61114019209fd07fe774144c,RETURNED,2022-06-15 13:15:16.649000,,65456.692598,25,96,0,100,,,CONSENT REVOKED,CONSENT REVOKED,CONSENT REVOKED,CONSENT REVOKED,CONSENT REVOKED,CONSENT REVOKED,CONSENT REVOKED,CONSENT REVOKED,CONSENT REVOKED
62a9db65cc6ce3ed1d0dc55f,616a91195f915bc9200cf1e7,RETURNED,2022-06-15 13:17:27.794000,,65325.561058,21,98,1,100,,,CONSENT REVOKED,CONSENT REVOKED,CONSENT REVOKED,CONSENT REVOKED,CONSENT REVOKED,CONSENT REVOKED,CONSENT REVOKED,CONSENT REVOKED,CONSENT REVOKED
62a9db685f5b481c528984c5,57aa001416020100010422d8,RETURNED,2022-06-15 13:15:20.117000,,65453.251073,26,201,0,100,,,CONSENT REVOKED,CONSENT REVOKED,CONSENT REVOKED,CONSENT REVOKED,CONSENT REVOKED,CONSENT REVOKED,CONSENT REVOKED,CONSENT REVOKED,CONSENT REVOKED
62a9db91a8148e092191f9f7,5fe715e39bca6f4ff8393326,RETURNED,2022-06-15 13:16:01.433000,,65411.948515,25,70,1,97,,,CONSENT REVOKED,CONSENT REVOKED,CONSENT REVOKED,CONSENT REVOKED,CONSENT REVOKED,CONSENT REVOKED,CONSENT REVOKED,CONSENT REVOKED,CONSENT REVOKED
62a9db93591fac75d1c3eb2b,603fe2bb561e3113ee9da931,AWAITING REVIEW,2022-06-15 13:18:24.038000,2022-06-15 13:30:36.807000,732.769,27,163,1,100,,39F54BF2,Greece,Greece,Unemployed (and job seeking),Greek,Greece,Yes,Male,Yes,Yes
62a9db964333b2b4e4d27575,616b2068ec2a937a2b6a45ed,AWAITING REVIEW,2022-06-15 13:16:06.572000,2022-06-15 13:27:28.668000,682.096,19,123,2,98,,39F54BF2,Syrian Arab Republic,Sweden,Other,Arabic,Syrian Arab Republic,Yes,Male,Yes,Yes
62a9db9c0efaa6ce09ae2aeb,6134a29257aec791154425ae,RETURNED,2022-06-15 13:16:17.308000,,65396.121363,26,128,0,100,,,CONSENT REVOKED,CONSENT REVOKED,CONSENT REVOKED,CONSENT REVOKED,CONSENT REVOKED,CONSENT REVOKED,CONSENT REVOKED,CONSENT REVOKED,CONSENT REVOKED
62a9dba2d1c28beb0cc9a771,5a77529ff49c9a0001f2fdbd,RETURNED,2022-06-15 13:26:18.592000,,64794.852408,33,657,2,100,,,CONSENT REVOKED,CONSENT REVOKED,CONSENT REVOKED,CONSENT REVOKED,CONSENT REVOKED,CONSENT REVOKED,CONSENT REVOKED,CONSENT REVOKED,CONSENT REVOKED
62a9dba356764b77c4debcd3,6150726c26e31056e4513722,AWAITING REVIEW,2022-06-15 13:17:32.281000,2022-06-15 13:31:07.704000,815.423,20,64,2,99,,39F54BF2,South Africa,South Africa,Unemployed (and job seeking),DATA EXPIRED,South Africa,Yes,Female,Yes,Yes
62a9dba54d0f8fe704ead348,615efa227a9938e11616d53c,AWAITING REVIEW,2022-06-15 13:20:44.506000,2022-06-15 13:49:22.940000,1718.434,26,136,2,100,,39F54BF2,South Africa,South Africa,Full-Time,DATA EXPIRED,South Africa,Yes,Female,No,Yes
62a9dbac6bf177535d9dab6f,616d22471eeb54d1b98db03c,RETURNED,2022-06-15 13:16:28.415000,,65385.068843,34,129,0,100,,,CONSENT REVOKED,CONSENT REVOKED,CONSENT REVOKED,CONSENT REVOKED,CONSENT REVOKED,CONSENT REVOKED,CONSENT REVOKED,CONSENT REVOKED,CONSENT REVOKED
62a9dbb70a74e7e8428c6719,61703fdd71715e01647e8aae,RETURNED,2022-06-15 13:26:39.239000,,64774.260339,19,138,0,100,,,CONSENT REVOKED,CONSENT REVOKED,CONSENT REVOKED,CONSENT REVOKED,CONSENT REVOKED,CONSENT REVOKED,CONSENT REVOKED,CONSENT REVOKED,CONSENT REVOKED
62a9dbba13e738acd059a56d,612de4fe43414f0900f1b2a3,RETURNED,2022-06-15 13:16:46.963000,,65366.548938,26,44,1,100,,,CONSENT REVOKED,CONSENT REVOKED,CONSENT REVOKED,CONSENT REVOKED,CONSENT REVOKED,CONSENT REVOKED,CONSENT REVOKED,CONSENT REVOKED,CONSENT REVOKED
62a9dbbfcb1df4ee4f68ffe6,5fe150610a5e7fbea05b7c92,RETURNED,2022-06-15 13:26:47.174000,,64766.351553,24,293,0,100,,,CONSENT REVOKED,CONSENT REVOKED,CONSENT REVOKED,CONSENT REVOKED,CONSENT REVOKED,CONSENT REVOKED,CONSENT REVOKED,CONSENT REVOKED,CONSENT REVOKED
62a9dbc202ca4d0e46b77668,6170406b453e66204b8beed3,RETURNED,2022-06-15 13:22:18.868000,,65034.670133,21,250,2,100,,,CONSENT REVOKED,CONSENT REVOKED,CONSENT REVOKED,CONSENT REVOKED,CONSENT REVOKED,CONSENT REVOKED,CONSENT REVOKED,CONSENT REVOKED,CONSENT REVOKED
62a9dbc5c1c30f6967abb9a9,5bf1a218f5e4460001e033c6,RETURNED,2022-06-15 13:16:56.578000,,65356.974232,22,161,4,98,,,CONSENT REVOKED,CONSENT REVOKED,CONSENT REVOKED,CONSENT REVOKED,CONSENT REVOKED,CONSENT REVOKED,CONSENT REVOKED,CONSENT REVOKED,CONSENT REVOKED
62a9dbd0ec55358e23a5accf,5d6558fa16871700012ea47b,RETURNED,2022-06-15 13:17:04.967000,,65348.598175,52,400,0,100,,,CONSENT REVOKED,CONSENT REVOKED,CONSENT REVOKED,CONSENT REVOKED,CONSENT REVOKED,CONSENT REVOKED,CONSENT REVOKED,CONSENT REVOKED,CONSENT REVOKED
62a9dbd173bf6ae7782aa3dc,616ec4d19fc1b4726c15d3ab,TIMED-OUT,2022-06-15 13:17:05.124000,,65348.454037,38,80,0,100,,,South Africa,South Africa,Full-Time,DATA EXPIRED,South Africa,Yes,Female,No,Yes
62a9dbdbfd2f5b9839917141,6111c76783173d22d777f2fe,AWAITING REVIEW,2022-06-15 13:17:15.024000,2022-06-15 13:29:47.855000,752.831,27,51,0,100,,39F54BF2,Mexico,Mexico,Full-Time,Spanish,Mexico,Yes,Male,No,Yes
62a9dbdc6b6e98dd17ad23b4,60df1a7f139746afa6a2768c,RETURNED,2022-06-15 13:17:44.979000,,65308.623391,35,160,0,100,,,CONSENT REVOKED,CONSENT REVOKED,CONSENT REVOKED,CONSENT REVOKED,CONSENT REVOKED,CONSENT REVOKED,CONSENT REVOKED,CONSENT REVOKED,CONSENT REVOKED
62a9dbe132a918e798a23ac5,616c3f3a378cb38f3f7ecac3,RETURNED,2022-06-15 13:28:00.059000,,64693.56037,53,226,8,96,,,CONSENT REVOKED,CONSENT REVOKED,CONSENT REVOKED,CONSENT REVOKED,CONSENT REVOKED,CONSENT REVOKED,CONSENT REVOKED,CONSENT REVOKED,CONSENT REVOKED
62a9dbeedfa5d234bddac6f2,614e82d5717d691f24efffc0,AWAITING REVIEW,2022-06-15 13:17:38.307000,2022-06-15 13:36:07.971000,1109.664,32,183,2,100,,39F54BF2,Bangladesh,Hungary,Part-Time,Bengali,Bangladesh,Yes,Male,Yes,Yes
62a9dbf323df6989cde93987,5be064114c6bd000013368f3,RETURNED,2022-06-15 13:17:39.966000,,65313.678368,67,268,3,99,,,CONSENT REVOKED,CONSENT REVOKED,CONSENT REVOKED,CONSENT REVOKED,CONSENT REVOKED,CONSENT REVOKED,CONSENT REVOKED,CONSENT REVOKED,CONSENT REVOKED
62a9dbfb527f455ea49b8a46,5e9efe26ffd5fe04e506d7f3,AWAITING REVIEW,2022-06-15 13:18:52.781000,2022-06-15 13:34:08.809000,916.028,25,224,1,100,,39F54BF2,South Africa,South Africa,Full-Time,DATA EXPIRED,South Africa,Yes,Female,Yes,Yes
62a9dc05cbff82d0236e5275,614b801091af729920910b87,TIMED-OUT,2022-06-15 13:19:25.340000,,65208.329386,32,193,4,99,,,Portugal,Portugal,Full-Time,Portuguese,Portugal,Yes,Male,No,Yes
62a9dc08e27a1493a3b29906,5d138b1707a97100156c2ace,REJECTED,2022-06-15 13:18:05.120000,2022-06-15 13:50:33.051000,1947.931,32,241,6,97,2022-06-15 13:59:00.017000,39F54BF2,New Zealand,New Zealand,Part-Time,English,New Zealand,Yes,Female,No,Yes
62a9dc21934d34f87fe0914b,60e77d1a5e3086ba529d8c87,RETURNED,2022-06-15 13:28:25.235000,,64668.458937,24,154,0,100,,,CONSENT REVOKED,CONSENT REVOKED,CONSENT REVOKED,CONSENT REVOKED,CONSENT REVOKED,CONSENT REVOKED,CONSENT REVOKED,CONSENT REVOKED,CONSENT REVOKED
62a9dc2be9d8a0bd88dc30e7,60e6f8ba388943fc0c5e19fc,RETURNED,2022-06-15 13:20:07.220000,,65166.486282,22,69,3,98,,,CONSENT REVOKED,CONSENT REVOKED,CONSENT REVOKED,CONSENT REVOKED,CONSENT REVOKED,CONSENT REVOKED,CONSENT REVOKED,CONSENT REVOKED,CONSENT REVOKED
62a9dc2e08064d5f2685c0bb,5e82367fd7c6979523d54eb9,RETURNED,2022-06-15 13:19:50.616000,,65183.102068,23,66,1,100,,,CONSENT REVOKED,CONSENT REVOKED,CONSENT REVOKED,CONSENT REVOKED,CONSENT REVOKED,CONSENT REVOKED,CONSENT REVOKED,CONSENT REVOKED,CONSENT REVOKED
62a9dc44e27a1493a3b2990d,61703be3748d6f5ddc01170a,RETURNED,2022-06-15 13:29:00.669000,,64633.066586,64,124,0,100,,,CONSENT REVOKED,CONSENT REVOKED,CONSENT REVOKED,CONSENT REVOKED,CONSENT REVOKED,CONSENT REVOKED,CONSENT REVOKED,CONSENT REVOKED,CONSENT REVOKED
62a9dc44fd2f5b9839917145,615fe28ffb4e3ff3ca8ab325,RETURNED,2022-06-15 13:29:00.322000,,64633.425938,26,29,1,99,,,CONSENT REVOKED,CONSENT REVOKED,CONSENT REVOKED,CONSENT REVOKED,CONSENT REVOKED,CONSENT REVOKED,CONSENT REVOKED,CONSENT REVOKED,CONSENT REVOKED
62a9dc7d98ecaf0073b1a36d,60dc9556508486e19fc42546,RETURNED,2022-06-15 13:20:01.445000,,65172.313819,45,118,1,100,,,CONSENT REVOKED,CONSENT REVOKED,CONSENT REVOKED,CONSENT REVOKED,CONSENT REVOKED,CONSENT REVOKED,CONSENT REVOKED,CONSENT REVOKED,CONSENT REVOKED
62a9dc8bbb0cb8a5019df404,5c813f9e40650900116d13aa,AWAITING REVIEW,2022-06-15 13:20:13.094000,2022-06-15 13:26:11.188000,358.094,22,153,1,100,,39F54BF2,Greece,Netherlands,Part-Time,Greek,Greece,Yes,Female,Yes,Yes
62a9dc8f67b848270c7e25e3,5ecc3916c6073611cfff8cb3,RETURNED,2022-06-15 13:23:27.797000,,64965.985558,27,204,1,100,,,CONSENT REVOKED,CONSENT REVOKED,CONSENT REVOKED,CONSENT REVOKED,CONSENT REVOKED,CONSENT REVOKED,CONSENT REVOKED,CONSENT REVOKED,CONSENT REVOKED
62a9dcb517c7edc54b8405e1,5f90c32f69122f1cebd1cc0b,AWAITING REVIEW,2022-06-15 13:21:21.217000,2022-06-15 13:31:18.701000,597.484,54,221,0,100,,39F54BF2,Canada,Canada,Other,French,Canada,Yes,Male,Yes,Yes
62a9dcb864604ec5b69f5f53,60dc31374fc70253e7a2d9e9,RETURNED,2022-06-15 13:30:56.030000,,64517.777837,45,148,0,100,,,CONSENT REVOKED,CONSENT REVOKED,CONSENT REVOKED,CONSENT REVOKED,CONSENT REVOKED,CONSENT REVOKED,CONSENT REVOKED,CONSENT REVOKED,CONSENT REVOKED
62a9dcc232a75fc124ee6343,616da6c9cc9da5e99f8be326,RETURNED,2022-06-15 13:22:26.002000,,65027.819731,30,62,1,100,,,CONSENT REVOKED,CONSENT REVOKED,CONSENT REVOKED,CONSENT REVOKED,CONSENT REVOKED,CONSENT REVOKED,CONSENT REVOKED,CONSENT REVOKED,CONSENT REVOKED
62a9dcc372b1478df10d02d5,5bf1ecfcaf38d100016c1171,REJECTED,2022-06-15 13:21:14.011000,2022-06-15 13:23:01.491000,107.48,24,238,6,98,2022-06-15 13:35:53.430000,NOCODE,Portugal,Portugal,Other,Portuguese,Portugal,Yes,Female,Yes,Yes
62a9dcc4cbffb1a7fa4dcb56,5db9fbd20fbd8b05db2aa3ed,RETURNED,2022-06-15 13:31:08.469000,,64505.376247,26,271,2,100,,,CONSENT REVOKED,CONSENT REVOKED,CONSENT REVOKED,CONSENT REVOKED,CONSENT REVOKED,CONSENT REVOKED,CONSENT REVOKED,CONSENT REVOKED,CONSENT REVOKED
62a9dcd9f7419d8c80288770,5f117f2b69f65101263bf8d0,REJECTED,2022-06-15 13:21:30.906000,2022-06-15 13:41:29.678000,1198.772,23,343,1,100,2022-06-15 14:24:38.233000,39F54BF2,Spain,Spain,Part-Time,Spanish,Spain,Yes,Female,Yes,Yes
62a9dcddb7829499b3b4d3f3,61274c5d48457b27bb106961,REJECTED,2022-06-15 13:21:41.776000,2022-06-15 13:24:07.201000,145.425,28,89,5,95,2022-06-15 13:34:52.488000,NOCODE,South Africa,South Africa,DATA EXPIRED,DATA EXPIRED,South Africa,Yes,Female,DATA EXPIRED,Yes
62a9dced250ac2780ec09b1f,60a838a519ca13dddc5b36d3,RETURNED,2022-06-15 13:31:49.489000,,64464.395247,24,65,0,100,,,CONSENT REVOKED,CONSENT REVOKED,CONSENT REVOKED,CONSENT REVOKED,CONSENT REVOKED,CONSENT REVOKED,CONSENT REVOKED,CONSENT REVOKED,CONSENT REVOKED
62a9dcfc0e78e75086ca9743,60bce8474b590baeb84b6cdd,RETURNED,2022-06-15 13:22:04.245000,,65049.65155,21,147,0,100,,,CONSENT REVOKED,CONSENT REVOKED,CONSENT REVOKED,CONSENT REVOKED,CONSENT REVOKED,CONSENT REVOKED,CONSENT REVOKED,CONSENT REVOKED,CONSENT REVOKED
62a9dd2406ce06834c7a143d,611df8db8ecf47bb14385383,RETURNED,2022-06-15 13:25:48.860000,,64825.048066,25,121,2,100,,,CONSENT REVOKED,CONSENT REVOKED,CONSENT REVOKED,CONSENT REVOKED,CONSENT REVOKED,CONSENT REVOKED,CONSENT REVOKED,CONSENT REVOKED,CONSENT REVOKED
62a9dd246d50c911c43eb12f,61645fccc9e03464d67350e7,AWAITING REVIEW,2022-06-15 13:23:03.045000,2022-06-15 13:32:20.845000,557.8,24,185,4,99,,39F54BF2,South Africa,South Africa,Unemployed (and job seeking),DATA EXPIRED,South Africa,Yes,Male,Yes,Yes
62a9dd63e49786d1944e1b0d,6130e97d4106299f8c6120fa,AWAITING REVIEW,2022-06-15 13:23:58.767000,2022-06-15 13:31:54.462000,475.695,19,98,0,100,,39F54BF2,South Africa,South Africa,Other,DATA EXPIRED,South Africa,Yes,Female,Yes,Yes
62a9dd6ed97d3930e5605737,601c5471aaa42f75036d5a62,RETURNED,2022-06-15 13:33:58.882000,,64335.062496,19,294,3,99,,,CONSENT REVOKED,CONSENT REVOKED,CONSENT REVOKED,CONSENT REVOKED,CONSENT REVOKED,CONSENT REVOKED,CONSENT REVOKED,CONSENT REVOKED,CONSENT REVOKED
62a9dd8e3595dd89ba738ebf,61651b30bdd751cfd39a1b81,RETURNED,2022-06-15 13:24:40.719000,,64893.240972,24,125,1,100,,,CONSENT REVOKED,CONSENT REVOKED,CONSENT REVOKED,CONSENT REVOKED,CONSENT REVOKED,CONSENT REVOKED,CONSENT REVOKED,CONSENT REVOKED,CONSENT REVOKED
62a9ddb36139306c6522fa76,5b9125803e41080001a850e5,RETURNED,2022-06-15 13:25:07.562000,,64866.413443,24,489,5,99,,,CONSENT REVOKED,CONSENT REVOKED,CONSENT REVOKED,CONSENT REVOKED,CONSENT REVOKED,CONSENT REVOKED,CONSENT REVOKED,CONSENT REVOKED,CONSENT REVOKED
62a9ddd50abfeadda53a6692,611d32745d36a6ef5fbb0798,RETURNED,2022-06-15 13:25:47.654000,,64826.331964,23,63,1,100,,,CONSENT REVOKED,CONSENT REVOKED,CONSENT REVOKED,CONSENT REVOKED,CONSENT REVOKED,CONSENT REVOKED,CONSENT REVOKED,CONSENT REVOKED,CONSENT REVOKED
62a9dddbc74372c83b56c502,610e84060ea4d4e60d0fc857,RETURNED,2022-06-15 13:35:47.127000,,64226.870763,20,142,0,100,,,CONSENT REVOKED,CONSENT REVOKED,CONSENT REVOKED,CONSENT REVOKED,CONSENT REVOKED,CONSENT REVOKED,CONSENT REVOKED,CONSENT REVOKED,CONSENT REVOKED
62a9ddddf6d17bd5465dde55,5e74c0376d9a62000b9f8041,RETURNED,2022-06-15 13:35:49.924000,,64224.08584,25,290,1,100,,,CONSENT REVOKED,CONSENT REVOKED,CONSENT REVOKED,CONSENT REVOKED,CONSENT REVOKED,CONSENT REVOKED,CONSENT REVOKED,CONSENT REVOKED,CONSENT REVOKED
62a9dde4c7cc915dd9e20095,615fe53328089522ce2661ed,RETURNED,2022-06-15 13:25:56.370000,,64817.650885,24,118,0,100,,,CONSENT REVOKED,CONSENT REVOKED,CONSENT REVOKED,CONSENT REVOKED,CONSENT REVOKED,CONSENT REVOKED,CONSENT REVOKED,CONSENT REVOKED,CONSENT REVOKED
62a9ddec3dbeec3f8bfc951e,612ecc90331b627f7aaac5dc,RETURNED,2022-06-15 13:26:04.174000,,64809.860727,23,142,2,99,,,CONSENT REVOKED,CONSENT REVOKED,CONSENT REVOKED,CONSENT REVOKED,CONSENT REVOKED,CONSENT REVOKED,CONSENT REVOKED,CONSENT REVOKED,CONSENT REVOKED
62a9de00d6c86d2cdd53c931,6038699f5cdecc243c343024,TIMED-OUT,2022-06-15 13:26:30.617000,,64783.429298,27,216,4,98,,,United Kingdom,United Kingdom,Full-Time,English,United Kingdom,Yes,Female,No,Yes
62a9de0fdea4898152eb57cb,5ed377271691ea000c548cb0,RETURNED,2022-06-15 13:26:43.019000,,64771.037914,61,1061,3,100,,,CONSENT REVOKED,CONSENT REVOKED,CONSENT REVOKED,CONSENT REVOKED,CONSENT REVOKED,CONSENT REVOKED,CONSENT REVOKED,CONSENT REVOKED,CONSENT REVOKED
62a9de19e7509e5fa15f34ae,61470869adf1877433ebfade,AWAITING REVIEW,2022-06-15 13:27:05.519000,2022-06-15 13:40:16.899000,791.38,20,23,0,100,,39F54BF2,South Africa,South Africa,Unemployed (and job seeking),DATA EXPIRED,South Africa,Yes,Male,Yes,Yes
62a9de2f7a641d10778da2ce,5ea936e503a71a000af12d7b,RETURNED,2022-06-15 13:27:11.729000,,64742.351787,25,381,0,100,,,CONSENT REVOKED,CONSENT REVOKED,CONSENT REVOKED,CONSENT REVOKED,CONSENT REVOKED,CONSENT REVOKED,CONSENT REVOKED,CONSENT REVOKED,CONSENT REVOKED
62a9de61836f6b10ea71b6a4,5b55a6bc8620300001c3f50b,RETURNED,2022-06-15 13:28:06.806000,,64687.286505,28,320,6,98,,,CONSENT REVOKED,CONSENT REVOKED,CONSENT REVOKED,CONSENT REVOKED,CONSENT REVOKED,CONSENT REVOKED,CONSENT REVOKED,CONSENT REVOKED,CONSENT REVOKED
62a9de62bda3d0c9cd4e223c,6022812b3081be01df18e8c8,RETURNED,2022-06-15 13:28:02.382000,,64691.722365,21,205,0,100,,,CONSENT REVOKED,CONSENT REVOKED,CONSENT REVOKED,CONSENT REVOKED,CONSENT REVOKED,CONSENT REVOKED,CONSENT REVOKED,CONSENT REVOKED,CONSENT REVOKED
62a9de888c56cf01b0d0bcde,5fb8087626faeb04322ada5d,RETURNED,2022-06-15 13:28:43.643000,,64650.47309,21,93,2,99,,,CONSENT REVOKED,CONSENT REVOKED,CONSENT REVOKED,CONSENT REVOKED,CONSENT REVOKED,CONSENT REVOKED,CONSENT REVOKED,CONSENT REVOKED,CONSENT REVOKED
62a9de8f507b5c7b33a2e87e,5a8b49d917ef35000170b814,RETURNED,2022-06-15 13:38:47.640000,,64046.48867,46,310,4,99,,,CONSENT REVOKED,CONSENT REVOKED,CONSENT REVOKED,CONSENT REVOKED,CONSENT REVOKED,CONSENT REVOKED,CONSENT REVOKED,CONSENT REVOKED,CONSENT REVOKED
62a9dea43aa70117d204a89d,610667edefdc1ad424021209,RETURNED,2022-06-15 13:29:21.200000,,64612.942293,24,103,0,100,,,CONSENT REVOKED,CONSENT REVOKED,CONSENT REVOKED,CONSENT REVOKED,CONSENT REVOKED,CONSENT REVOKED,CONSENT REVOKED,CONSENT REVOKED,CONSENT REVOKED
62a9deb33c31107c5745a8cc,60e343946a7faddde88fbe3c,AWAITING REVIEW,2022-06-15 13:35:15.061000,2022-06-15 13:50:07.422000,892.361,28,111,4,97,,39F54BF2,South Africa,South Africa,Part-Time,DATA EXPIRED,South Africa,Yes,Male,No,Yes
62a9deb563f37d5fc9968b49,61608788d43bd11eaf30394a,AWAITING REVIEW,2022-06-15 13:29:29.930000,2022-06-15 13:46:04.414000,994.484,24,51,1,100,,39F54BF2,South Africa,South Africa,Part-Time,DATA EXPIRED,South Africa,Yes,Male,No,Yes
62a9dec23b25f0811fcd5c5c,61504fea6e84e5a81f36b68c,AWAITING REVIEW,2022-06-15 13:29:48.361000,2022-06-15 13:45:36.144000,947.783,19,171,3,99,,39F54BF2,Saudi Arabia,Italy,Unemployed (and job seeking),Arabic,Lebanon,Yes,Female,Yes,Yes
62a9df745cf900e56c69a2da,5f325435f0fc671a7434cabe,RETURNED,2022-06-15 13:32:36.990000,,64417.206241,26,171,0,100,,,CONSENT REVOKED,CONSENT REVOKED,CONSENT REVOKED,CONSENT REVOKED,CONSENT REVOKED,CONSENT REVOKED,CONSENT REVOKED,CONSENT REVOKED,CONSENT REVOKED
62a9dfbf99104ac2f7112810,609c15fd6888b88a23312c42,RETURNED,2022-06-15 13:33:51.015000,,64343.192094,27,171,1,100,,,CONSENT REVOKED,CONSENT REVOKED,CONSENT REVOKED,CONSENT REVOKED,CONSENT REVOKED,CONSENT REVOKED,CONSENT REVOKED,CONSENT REVOKED,CONSENT REVOKED
62a9dfed1182a42874071862,5d3f12098ea9bd0018b07068,RETURNED,2022-06-15 13:34:40.625000,,64293.593659,31,370,2,100,,,CONSENT REVOKED,CONSENT REVOKED,CONSENT REVOKED,CONSENT REVOKED,CONSENT REVOKED,CONSENT REVOKED,CONSENT REVOKED,CONSENT REVOKED,CONSENT REVOKED
62a9dff26e0b2e058d24944c,614908b5fae63460362fbfe9,RETURNED,2022-06-15 13:34:47.759000,,64286.473446,33,96,1,100,,,CONSENT REVOKED,CONSENT REVOKED,CONSENT REVOKED,CONSENT REVOKED,CONSENT REVOKED,CONSENT REVOKED,CONSENT REVOKED,CONSENT REVOKED,CONSENT REVOKED
62a9e00267b8ae725af3a485,60dbd9e4f38631ec3581c746,RETURNED,2022-06-15 13:44:58.675000,,63675.573337,49,263,3,100,,,CONSENT REVOKED,CONSENT REVOKED,CONSENT REVOKED,CONSENT REVOKED,CONSENT REVOKED,CONSENT REVOKED,CONSENT REVOKED,CONSENT REVOKED,CONSENT REVOKED
62a9e0290059a572adde540f,5d9eca6b3155090014a83a82,AWAITING REVIEW,2022-06-15 13:35:42.045000,2022-06-15 13:54:27.802000,1125.757,56,614,2,100,,39F54BF2,Jamaica,Canada,Full-Time,English,Jamaica,Yes,Female,No,Yes
62a9e0322bfe235778630a2e,58c62eac444ade00010231a9,RETURNED,2022-06-15 13:35:46.910000,,64227.368952,54,1075,6,100,,,CONSENT REVOKED,CONSENT REVOKED,CONSENT REVOKED,CONSENT REVOKED,CONSENT REVOKED,CONSENT REVOKED,CONSENT REVOKED,CONSENT REVOKED,CONSENT REVOKED
62a9e03a0a581f9cf7f48ce7,5d5c28112e9a7a0019bacffa,RETURNED,2022-06-15 13:35:54.980000,,64219.311532,35,465,6,98,,,CONSENT REVOKED,CONSENT REVOKED,CONSENT REVOKED,CONSENT REVOKED,CONSENT REVOKED,CONSENT REVOKED,CONSENT REVOKED,CONSENT REVOKED,CONSENT REVOKED
62a9e0423dbeec3f8bfc9538,602e6ec04ad77a9e94ddb5bd,RETURNED,2022-06-15 13:38:09.351000,,64084.952691,22,173,2,99,,,CONSENT REVOKED,CONSENT REVOKED,CONSENT REVOKED,CONSENT REVOKED,CONSENT REVOKED,CONSENT REVOKED,CONSENT REVOKED,CONSENT REVOKED,CONSENT REVOKED
62a9e06eef5d8f02100794d1,60447bab4ee2ab4f2e005b74,AWAITING REVIEW,2022-06-15 13:36:53.951000,2022-06-15 14:02:38.403000,1544.452,41,135,0,100,,39F54BF2,Zimbabwe,South Africa,Full-Time,English,Zimbabwe,Yes,Female,DATA EXPIRED,Yes
62a9e09a2bfe235778630a34,61323648b77040f5116cfd50,AWAITING REVIEW,2022-06-15 13:37:34.324000,2022-06-15 13:53:25.255000,950.931,20,2,0,100,,NOCODE,South Africa,South Africa,Unemployed (and job seeking),DATA EXPIRED,South Africa,Yes,Male,No,Yes
62a9e0c79bc0e4332168a859,60a37b4e514b606e0a822a0c,RETURNED,2022-06-15 13:38:45.883000,,64048.460786,32,396,3,100,,,CONSENT REVOKED,CONSENT REVOKED,CONSENT REVOKED,CONSENT REVOKED,CONSENT REVOKED,CONSENT REVOKED,CONSENT REVOKED,CONSENT REVOKED,CONSENT REVOKED
62a9e0ca41da1393ea770b71,60df4644ec36828f7b93fe9a,RETURNED,2022-06-15 13:48:18.287000,,63476.069875,26,108,2,99,,,CONSENT REVOKED,CONSENT REVOKED,CONSENT REVOKED,CONSENT REVOKED,CONSENT REVOKED,CONSENT REVOKED,CONSENT REVOKED,CONSENT REVOKED,CONSENT REVOKED
62a9e0efddf8dbc92dac509c,611e182dfe4a100e7d271c7e,AWAITING REVIEW,2022-06-15 13:39:15.309000,2022-06-15 13:59:34.819000,1219.51,27,150,0,100,,39F54BF2,Zimbabwe,South Africa,Full-Time,DATA EXPIRED,Zimbabwe,Yes,Female,No,Yes
62a9e117ed5427f26d31b94b,5c45ad3793f3690001c46767,RETURNED,2022-06-15 13:39:43.187000,,63991.201525,41,488,7,98,,,CONSENT REVOKED,CONSENT REVOKED,CONSENT REVOKED,CONSENT REVOKED,CONSENT REVOKED,CONSENT REVOKED,CONSENT REVOKED,CONSENT REVOKED,CONSENT REVOKED
62a9e129eab3f86c55834bf2,601d922bc0e663137b95ea2f,AWAITING REVIEW,2022-06-15 13:39:58.755000,2022-06-15 13:53:11.065000,792.31,48,209,1,100,,39F54BF2,Poland,Poland,Full-Time,Polish,Poland,Yes,Female,No,Yes
62a9e1330b15f878098c7dc3,613352fd0eb63a1adc9eeb70,AWAITING REVIEW,2022-06-15 13:40:03.591000,2022-06-15 13:48:05.221000,481.63,30,88,4,96,,39F54BF2,South Africa,South Africa,Full-Time,DATA EXPIRED,South Africa,Yes,Male,Yes,Yes
62a9e19290aedff3723a6ce7,5ed7b717976efc260a08c490,RETURNED,2022-06-15 13:51:38.474000,,63275.953081,30,163,0,100,,,CONSENT REVOKED,CONSENT REVOKED,CONSENT REVOKED,CONSENT REVOKED,CONSENT REVOKED,CONSENT REVOKED,CONSENT REVOKED,CONSENT REVOKED,CONSENT REVOKED
62a9e19b186eb60ed146b2d8,611276eef2fedd783d9b30ff,AWAITING REVIEW,2022-06-15 13:41:54.309000,2022-06-15 13:53:03.887000,669.578,37,77,2,99,,NO CODE,Nigeria,Poland,Other,DATA EXPIRED,Nigeria,Yes,Male,Yes,Yes
62a9e220ac966d2304e9edcf,60b553fb5705a4355358afaf,RETURNED,2022-06-15 13:44:11.929000,,63722.525171,22,135,2,100,,,CONSENT REVOKED,CONSENT REVOKED,CONSENT REVOKED,CONSENT REVOKED,CONSENT REVOKED,CONSENT REVOKED,CONSENT REVOKED,CONSENT REVOKED,CONSENT REVOKED
62a9e240dfbefda4b1da4322,5d82de0beecd2a000198dd3a,RETURNED,2022-06-15 13:44:32.588000,,63701.879907,25,248,0,100,,,CONSENT REVOKED,CONSENT REVOKED,CONSENT REVOKED,CONSENT REVOKED,CONSENT REVOKED,CONSENT REVOKED,CONSENT REVOKED,CONSENT REVOKED,CONSENT REVOKED
62a9e244fd2f5b9839917178,6005331b282af2704b3e9854,RETURNED,2022-06-15 13:45:01.335000,,63673.145731,29,207,1,100,,,CONSENT REVOKED,CONSENT REVOKED,CONSENT REVOKED,CONSENT REVOKED,CONSENT REVOKED,CONSENT REVOKED,CONSENT REVOKED,CONSENT REVOKED,CONSENT REVOKED
62a9e24736168a71ac8cafb0,616093ab4117242c856402c6,AWAITING REVIEW,2022-06-15 13:44:47.386000,2022-06-15 13:57:40.584000,773.198,26,80,0,100,,39F54BF2,South Africa,South Africa,Unemployed (and job seeking),DATA EXPIRED,South Africa,Yes,Male,Yes,Yes
62a9e2473d49a8dfaa99e717,60290c574980dd7f8e378b84,RETURNED,2022-06-15 13:55:00.080000,,63074.424827,30,226,3,100,,,CONSENT REVOKED,CONSENT REVOKED,CONSENT REVOKED,CONSENT REVOKED,CONSENT REVOKED,CONSENT REVOKED,CONSENT REVOKED,CONSENT REVOKED,CONSENT REVOKED
62a9e247ef48c5592b822fcd,611df65714334be3b0c67b58,AWAITING REVIEW,2022-06-15 13:44:43.840000,2022-06-15 13:55:51.371000,667.531,28,97,3,97,,39F54BF2,South Africa,South Africa,Full-Time,DATA EXPIRED,South Africa,Yes,Male,No,Yes
62a9e248b83248a5af0a20dd,5f0da6848c9769018bb99f27,RETURNED,2022-06-15 13:44:40.700000,,63693.828234,32,356,6,99,,,CONSENT REVOKED,CONSENT REVOKED,CONSENT REVOKED,CONSENT REVOKED,CONSENT REVOKED,CONSENT REVOKED,CONSENT REVOKED,CONSENT REVOKED,CONSENT REVOKED
62a9e248d76083084d1abe3f,60eccd4d9b4a0c1f4ab919a4,RETURNED,2022-06-15 13:45:06.824000,,63667.716213,25,192,0,100,,,CONSENT REVOKED,CONSENT REVOKED,CONSENT REVOKED,CONSENT REVOKED,CONSENT REVOKED,CONSENT REVOKED,CONSENT REVOKED,CONSENT REVOKED,CONSENT REVOKED
62a9e24b63f37d5fc9968b68,616c4409a2bcfe1fdb942117,RETURNED,2022-06-15 13:44:46.743000,,63687.810485,25,266,3,100,,,CONSENT REVOKED,CONSENT REVOKED,CONSENT REVOKED,CONSENT REVOKED,CONSENT REVOKED,CONSENT REVOKED,CONSENT REVOKED,CONSENT REVOKED,CONSENT REVOKED
62a9e24c186eb60ed146b2e3,5eb6d0b9b0c3f75dfbb5c9e2,RETURNED,2022-06-15 13:44:44.650000,,63689.916088,27,43,1,99,,,CONSENT REVOKED,CONSENT REVOKED,CONSENT REVOKED,CONSENT REVOKED,CONSENT REVOKED,CONSENT REVOKED,CONSENT REVOKED,CONSENT REVOKED,CONSENT REVOKED
62a9e24c841d1f7bbe7b7fc8,5dd58b43149f5354a6124a41,AWAITING REVIEW,2022-06-15 13:44:44.352000,2022-06-15 13:55:41.351000,656.999,25,349,2,100,,39F54BF2,Portugal,Portugal,Full-Time,Portuguese,Portugal,Yes,Male,No,Yes
62a9e24c8f15fb038fe46a15,5f0cc31363e0816c1b0db7e1,RETURNED,2022-06-15 13:44:52.136000,,63682.458012,42,195,2,100,,,CONSENT REVOKED,CONSENT REVOKED,CONSENT REVOKED,CONSENT REVOKED,CONSENT REVOKED,CONSENT REVOKED,CONSENT REVOKED,CONSENT REVOKED,CONSENT REVOKED
62a9e25a2d39af8307eccc24,611a7dcc2dbcd2a013c5eccc,RETURNED,2022-06-15 13:55:00.080000,,63074.527679,25,40,0,100,,,CONSENT REVOKED,CONSENT REVOKED,CONSENT REVOKED,CONSENT REVOKED,CONSENT REVOKED,CONSENT REVOKED,CONSENT REVOKED,CONSENT REVOKED,CONSENT REVOKED
62a9e296e8e9d99ead7ec31f,6151a21b24b1ef1bc130b97d,AWAITING REVIEW,2022-06-15 13:46:02.614000,2022-06-15 14:00:32.558000,869.944,29,84,1,100,,39F54BF2,South Africa,South Africa,DATA EXPIRED,DATA EXPIRED,South Africa,Yes,Male,DATA EXPIRED,Yes
62a9e2aeec5f13c459c0aec1,6122b34317a8129c606afd69,RETURNED,2022-06-15 13:56:22.045000,,62992.595544,26,236,0,100,,,CONSENT REVOKED,CONSENT REVOKED,CONSENT REVOKED,CONSENT REVOKED,CONSENT REVOKED,CONSENT REVOKED,CONSENT REVOKED,CONSENT REVOKED,CONSENT REVOKED
62a9e2d7100f6a30ffdcf1d9,6103ec2bf88328284fd894bc,RETURNED,2022-06-15 13:57:03.692000,,62950.961515,24,257,0,100,,,CONSENT REVOKED,CONSENT REVOKED,CONSENT REVOKED,CONSENT REVOKED,CONSENT REVOKED,CONSENT REVOKED,CONSENT REVOKED,CONSENT REVOKED,CONSENT REVOKED
62a9e2ee8b1c88b7b2be83ad,611340ff39a1a78f09bbad75,AWAITING REVIEW,2022-06-15 13:47:31.633000,2022-06-15 14:03:12.045000,940.412,23,133,0,100,,39F54BF2,Portugal,Netherlands,Unemployed (and job seeking),Portuguese,Portugal,Yes,Female,Yes,Yes
62a9e2f1e871280131ac1260,603f6e643234e512fc197ae1,RETURNED,2022-06-15 13:47:44.968000,,63509.712094,33,345,3,99,,,CONSENT REVOKED,CONSENT REVOKED,CONSENT REVOKED,CONSENT REVOKED,CONSENT REVOKED,CONSENT REVOKED,CONSENT REVOKED,CONSENT REVOKED,CONSENT REVOKED
62a9e2faa7bab8762c14bb8a,5fb65ad58d6ec70008c4ee34,REJECTED,2022-06-15 13:47:42.945000,2022-06-15 13:53:40.533000,357.588,19,67,3,97,2022-06-15 13:55:52.132000,NOCODE,Portugal,Portugal,Unemployed (and job seeking),Portuguese,Portugal,Yes,Male,Yes,Yes
62a9e317331df174a6db670a,5e31a1526ef37a1879a94441,RETURNED,2022-06-15 13:48:07.498000,,63487.206777,56,979,0,100,,,CONSENT REVOKED,CONSENT REVOKED,CONSENT REVOKED,CONSENT REVOKED,CONSENT REVOKED,CONSENT REVOKED,CONSENT REVOKED,CONSENT REVOKED,CONSENT REVOKED
62a9e318100f6a30ffdcf1dc,605ba57d2842d8291b4afd24,REJECTED,2022-06-15 13:48:44.100000,2022-06-15 14:12:04.807000,1400.707,20,48,2,99,2022-06-15 14:19:30.116000,39F54BF2,South Africa,South Africa,Unemployed (and job seeking),English,South Africa,Yes,Female,Yes,Yes
62a9e35e21b7a3a5c511fb1b,5e1cabad3b577b000c55e660,TIMED-OUT,2022-06-15 13:49:31.345000,,63403.393838,20,551,3,100,,,Hungary,Hungary,Part-Time,Hungarian,Hungary,Yes,Male,Yes,Yes
62a9e3b1b2dfcb85cc4464a5,603d1a31171365bad9d0cd39,RETURNED,2022-06-15 13:50:41.615000,,63333.138755,37,252,2,100,,,CONSENT REVOKED,CONSENT REVOKED,CONSENT REVOKED,CONSENT REVOKED,CONSENT REVOKED,CONSENT REVOKED,CONSENT REVOKED,CONSENT REVOKED,CONSENT REVOKED
62a9e3d52ee126179a3e6e83,609959b59db017b59a4887ff,RETURNED,2022-06-15 14:01:17.403000,,62697.367006,28,239,3,99,,,CONSENT REVOKED,CONSENT REVOKED,CONSENT REVOKED,CONSENT REVOKED,CONSENT REVOKED,CONSENT REVOKED,CONSENT REVOKED,CONSENT REVOKED,CONSENT REVOKED
62a9e3dacbc3f8cc86b01d4d,5e70491f899f5e63073e7fd4,AWAITING REVIEW,2022-06-15 13:51:22.514000,2022-06-15 14:14:04.828000,1362.314,24,200,0,100,,39F54BF2,Poland,Poland,Part-Time,Polish,Poland,Yes,Female,Yes,Yes
62a9e3dc16e5f0738ceac966,5ec2b3de73c49c0b4dc6922c,RETURNED,2022-06-15 13:51:24.936000,,63289.864484,30,226,6,97,,,CONSENT REVOKED,CONSENT REVOKED,CONSENT REVOKED,CONSENT REVOKED,CONSENT REVOKED,CONSENT REVOKED,CONSENT REVOKED,CONSENT REVOKED,CONSENT REVOKED
62a9e3eeddf9a101fc384276,60c75eb8c7c62c1cabd3f275,RETURNED,2022-06-15 13:51:58.077000,,63256.747743,34,150,2,99,,,CONSENT REVOKED,CONSENT REVOKED,CONSENT REVOKED,CONSENT REVOKED,CONSENT REVOKED,CONSENT REVOKED,CONSENT REVOKED,CONSENT REVOKED,CONSENT REVOKED
62a9e45a80c0cf72b38b7285,60fe7c857e049641f422a6f4,RETURNED,2022-06-15 14:03:30.815000,,62564.023626,29,229,0,100,,,CONSENT REVOKED,CONSENT REVOKED,CONSENT REVOKED,CONSENT REVOKED,CONSENT REVOKED,CONSENT REVOKED,CONSENT REVOKED,CONSENT REVOKED,CONSENT REVOKED
62a9e46594a45b050aadfb20,6166c41ed594c40c7e19c74b,RETURNED,2022-06-15 14:03:41.857000,,62552.994779,26,55,1,100,,,CONSENT REVOKED,CONSENT REVOKED,CONSENT REVOKED,CONSENT REVOKED,CONSENT REVOKED,CONSENT REVOKED,CONSENT REVOKED,CONSENT REVOKED,CONSENT REVOKED
62a9e4a0aaa93de82c7a2593,606b68f4fcfb7ae96b16d03f,AWAITING REVIEW,2022-06-15 13:54:42.351000,2022-06-15 14:02:42.907000,480.556,32,176,0,100,,39F54BF2,Belgium,Belgium,Full-Time,Dutch,Belgium,Yes,Female,No,Yes
62a9e4b98c22b41d0c0b5fe1,5f52458b984fc84bb230800d,RETURNED,2022-06-15 13:55:05.787000,,63069.090917,31,374,3,100,,,CONSENT REVOKED,CONSENT REVOKED,CONSENT REVOKED,CONSENT REVOKED,CONSENT REVOKED,CONSENT REVOKED,CONSENT REVOKED,CONSENT REVOKED,CONSENT REVOKED
62a9e4bbd283dbfd9ef97d89,5e92178e8ee4fe54b65b7c39,RETURNED,2022-06-15 14:05:06.996000,,62467.893694,28,1251,5,100,,,CONSENT REVOKED,CONSENT REVOKED,CONSENT REVOKED,CONSENT REVOKED,CONSENT REVOKED,CONSENT REVOKED,CONSENT REVOKED,CONSENT REVOKED,CONSENT REVOKED
62a9e4c9c15e420814a2af19,6168174598124da7e933f76d,RETURNED,2022-06-15 14:05:21.940000,,62452.961113,22,17,0,100,,,CONSENT REVOKED,CONSENT REVOKED,CONSENT REVOKED,CONSENT REVOKED,CONSENT REVOKED,CONSENT REVOKED,CONSENT REVOKED,CONSENT REVOKED,CONSENT REVOKED
62a9e4cd0f9670b7537abef3,5ed2bd1574b19811e8c82c15,RETURNED,2022-06-15 13:55:29.536000,,63045.379794,25,5,0,100,,,CONSENT REVOKED,CONSENT REVOKED,CONSENT REVOKED,CONSENT REVOKED,CONSENT REVOKED,CONSENT REVOKED,CONSENT REVOKED,CONSENT REVOKED,CONSENT REVOKED
62a9e4ec2a0eb01d5161fb28,5c847acf879a350016dee2e5,RETURNED,2022-06-15 13:55:56.408000,,63018.522166,29,177,1,100,,,CONSENT REVOKED,CONSENT REVOKED,CONSENT REVOKED,CONSENT REVOKED,CONSENT REVOKED,CONSENT REVOKED,CONSENT REVOKED,CONSENT REVOKED,CONSENT REVOKED
62a9e4f1106a923ae70f90bf,6130d846086f43ecd225d128,RETURNED,2022-06-15 14:06:01.106000,,62413.835815,25,225,0,100,,,CONSENT REVOKED,CONSENT REVOKED,CONSENT REVOKED,CONSENT REVOKED,CONSENT REVOKED,CONSENT REVOKED,CONSENT REVOKED,CONSENT REVOKED,CONSENT REVOKED
62a9e4f23a55c4bb9ccce5ad,60fac77539ae56e0050e8082,TIMED-OUT,2022-06-15 13:56:07.267000,,63007.6864,26,41,1,100,,,South Africa,South Africa,Part-Time,DATA EXPIRED,South Africa,Yes,Female,No,Yes
62a9e4fbf87dbe39cd643834,6171165b0a955ac648f01d30,RETURNED,2022-06-15 14:06:11.866000,,62403.098943,23,155,0,100,,,CONSENT REVOKED,CONSENT REVOKED,CONSENT REVOKED,CONSENT REVOKED,CONSENT REVOKED,CONSENT REVOKED,CONSENT REVOKED,CONSENT REVOKED,CONSENT REVOKED
62a9e50f98471fb0cb2ffcb2,615b2f43cb627d1f51211d11,AWAITING REVIEW,2022-06-15 14:01:58.083000,2022-06-15 14:12:11.340000,613.257,30,84,2,99,,39F54BF2,South Africa,South Africa,Unemployed (and job seeking),DATA EXPIRED,South Africa,Yes,Male,No,Yes
62a9e512de88dfca4ab504c9,60142d5718e5943b09fd9298,RETURNED,2022-06-15 13:56:36.598000,,62978.391273,22,156,0,100,,,CONSENT REVOKED,CONSENT REVOKED,CONSENT REVOKED,CONSENT REVOKED,CONSENT REVOKED,CONSENT REVOKED,CONSENT REVOKED,CONSENT REVOKED,CONSENT REVOKED
62a9e518106a923ae70f90c2,5c71ca9bf6c9fe00013ef0b5,RETURNED,2022-06-15 13:56:45.043000,,62969.958217,53,837,1,100,,,CONSENT REVOKED,CONSENT REVOKED,CONSENT REVOKED,CONSENT REVOKED,CONSENT REVOKED,CONSENT REVOKED,CONSENT REVOKED,CONSENT REVOKED,CONSENT REVOKED
62a9e534aa51d4c9f4ac93e6,609fc560e33ec2495dfbc15f,RETURNED,2022-06-15 13:57:08.532000,,62946.480596,24,140,0,100,,,CONSENT REVOKED,CONSENT REVOKED,CONSENT REVOKED,CONSENT REVOKED,CONSENT REVOKED,CONSENT REVOKED,CONSENT REVOKED,CONSENT REVOKED,CONSENT REVOKED
62a9e534c1d42167633b9643,5789972670c76a00012433b3,AWAITING REVIEW,2022-06-15 13:57:08.778000,2022-06-15 14:23:42.387000,1593.609,41,931,4,100,,39F54BF2,Spain,Spain,Full-Time,Spanish,Spain,Yes,Female,No,Yes
62a9e535d6d1a4e79e1fc155,60113374795b0d000a98b896,AWAITING REVIEW,2022-06-15 13:57:09.729000,2022-06-15 14:04:28.487000,438.758,36,186,6,97,,39F54BF2,Poland,Poland,Full-Time,Polish,Poland,Yes,Male,No,Yes
62a9e535f178040ce3a905b4,60e2fbb1eec0ddbbe525aa49,RETURNED,2022-06-15 13:57:14.716000,,62940.331797,28,28,0,100,,,CONSENT REVOKED,CONSENT REVOKED,CONSENT REVOKED,CONSENT REVOKED,CONSENT REVOKED,CONSENT REVOKED,CONSENT REVOKED,CONSENT REVOKED,CONSENT REVOKED
62a9e557f28ed06ca838e764,5c8c59d99c57e70001a659a6,AWAITING REVIEW,2022-06-15 13:57:48.392000,2022-06-15 14:12:52.742000,904.35,43,362,6,98,,39F54BF2,Poland,Poland,DATA EXPIRED,Polish,Poland,Yes,Male,No,Yes
62a9e55c6b69211cb14ae0f3,613f59d7f0f631a278aca6e8,AWAITING REVIEW,2022-06-15 14:02:57.597000,2022-06-15 14:13:21.916000,624.319,19,133,0,100,,39F54BF2,South Africa,South Africa,Other,DATA EXPIRED,South Africa,Yes,Female,Yes,Yes
62a9e55fc4c4fbeabc454db9,5c26c70f10677f0001db930e,RETURNED,2022-06-15 13:58:08.144000,,62886.93877,56,171,0,100,,,CONSENT REVOKED,CONSENT REVOKED,CONSENT REVOKED,CONSENT REVOKED,CONSENT REVOKED,CONSENT REVOKED,CONSENT REVOKED,CONSENT REVOKED,CONSENT REVOKED
62a9e5aad6d1a4e79e1fc158,612f4e35a9ee7323933cd80f,RETURNED,2022-06-15 13:59:08.543000,,62826.55151,28,148,1,100,,,CONSENT REVOKED,CONSENT REVOKED,CONSENT REVOKED,CONSENT REVOKED,CONSENT REVOKED,CONSENT REVOKED,CONSENT REVOKED,CONSENT REVOKED,CONSENT REVOKED
62a9e5c8c9fde4220c5608f0,6175622f78f8039a4c62bb83,RETURNED,2022-06-15 14:09:36.437000,,62198.669085,24,413,1,100,,,CONSENT REVOKED,CONSENT REVOKED,CONSENT REVOKED,CONSENT REVOKED,CONSENT REVOKED,CONSENT REVOKED,CONSENT REVOKED,CONSENT REVOKED,CONSENT REVOKED
62a9e5dda04b02a849a7f5a6,5fd663b8b06c1b570569dc2b,AWAITING REVIEW,2022-06-15 13:59:57.788000,2022-06-15 14:06:29.110000,391.322,20,244,2,100,,39F54BF2,Portugal,Portugal,Unemployed (and job seeking),Portuguese,Portugal,Yes,Male,Yes,Yes
62a9e63193ac2f7dd4f08ee9,60be61231b34e6b2bf1e76ab,RETURNED,2022-06-15 14:11:21.993000,,62093.135711,47,441,8,97,,,CONSENT REVOKED,CONSENT REVOKED,CONSENT REVOKED,CONSENT REVOKED,CONSENT REVOKED,CONSENT REVOKED,CONSENT REVOKED,CONSENT REVOKED,CONSENT REVOKED
62a9e632063e84991e7dc626,5f89c0d2f782e5000aa85a1a,AWAITING REVIEW,2022-06-15 14:01:22.837000,2022-06-15 14:11:55.545000,632.708,21,207,2,100,,39F54BF2,Italy,Italy,Other,Italian,Italy,Yes,Female,Yes,Yes
62a9e65f57dab45547331608,60f9baa99f49184f083a9ce8,AWAITING REVIEW,2022-06-15 14:02:22.445000,2022-06-15 14:15:33.726000,791.281,33,293,0,100,,39F54BF2,South Africa,South Africa,Full-Time,DATA EXPIRED,South Africa,Yes,Male,No,Yes
62a9e670685c421427efc72c,6156a33f998bef6213415ce4,RETURNED,2022-06-15 14:02:31.509000,,62623.657363,30,112,0,100,,,CONSENT REVOKED,CONSENT REVOKED,CONSENT REVOKED,CONSENT REVOKED,CONSENT REVOKED,CONSENT REVOKED,CONSENT REVOKED,CONSENT REVOKED,CONSENT REVOKED
62a9e6b5923e1084b8b1b815,5cd74735c78b7d0001f9b364,RETURNED,2022-06-15 14:03:33.296000,,62561.882887,30,660,0,100,,,CONSENT REVOKED,CONSENT REVOKED,CONSENT REVOKED,CONSENT REVOKED,CONSENT REVOKED,CONSENT REVOKED,CONSENT REVOKED,CONSENT REVOKED,CONSENT REVOKED
62a9e6f2275abf7110e20ddc,5e823b35726b2a9508db127c,RETURNED,2022-06-15 14:04:36.866000,,62498.325035,24,274,1,100,,,CONSENT REVOKED,CONSENT REVOKED,CONSENT REVOKED,CONSENT REVOKED,CONSENT REVOKED,CONSENT REVOKED,CONSENT REVOKED,CONSENT REVOKED,CONSENT REVOKED
62a9e723a558c5e44ead67e6,6004773518dc462500aff1ae,AWAITING REVIEW,2022-06-15 14:05:25.349000,2022-06-15 14:27:58.457000,1353.108,,379,0,100,,39F54BF2,United Kingdom,United Kingdom,DATA EXPIRED,English,United Kingdom,Yes,DATA EXPIRED,DATA EXPIRED,Yes
62a9e9962e84e99d7abbbac1,5974ce5364b35a00019dd811,RETURNED,2022-06-15 14:25:50.780000,,61224.445967,23,542,4,99,,,CONSENT REVOKED,CONSENT REVOKED,CONSENT REVOKED,CONSENT REVOKED,CONSENT REVOKED,CONSENT REVOKED,CONSENT REVOKED,CONSENT REVOKED,CONSENT REVOKED
62a9ea15b7ce5a89eecdc026,613c26f7960541b930b654d7,RETURNED,2022-06-15 14:20:14.786000,,61560.451777,25,133,1,100,,,CONSENT REVOKED,CONSENT REVOKED,CONSENT REVOKED,CONSENT REVOKED,CONSENT REVOKED,CONSENT REVOKED,CONSENT REVOKED,CONSENT REVOKED,CONSENT REVOKED
62a9ea77b19ed7af9aba29bf,616af671eb2b0b1ca4947cff,AWAITING REVIEW,2022-06-15 14:19:39.662000,2022-06-15 14:37:30.445000,1070.783,45,253,2,100,,39F54BF2,Portugal,Portugal,Full-Time,Portuguese,Portugal,Yes,Male,No,Yes
62a9ea81340edcf3a7e67681,60d63e407fce934334a5e025,AWAITING REVIEW,2022-06-15 14:19:50.291000,2022-06-15 14:48:31.117000,1720.826,34,547,4,99,,39F54BF2,United States,United Kingdom,DATA EXPIRED,English,United States,Yes,Male,DATA EXPIRED,Yes
62a9eac20b6939f3e624069e,60327d95fb5e6823d96d15a0,RETURNED,2022-06-15 14:23:19.446000,,61375.82879,34,190,2,100,,,CONSENT REVOKED,CONSENT REVOKED,CONSENT REVOKED,CONSENT REVOKED,CONSENT REVOKED,CONSENT REVOKED,CONSENT REVOKED,CONSENT REVOKED,CONSENT REVOKED
62a9eafa88ffed7d120eef15,55057a56fdf99b5b566a70bb,RETURNED,2022-06-15 14:31:46.962000,,60868.32531,29,1811,5,100,,,CONSENT REVOKED,CONSENT REVOKED,CONSENT REVOKED,CONSENT REVOKED,CONSENT REVOKED,CONSENT REVOKED,CONSENT REVOKED,CONSENT REVOKED,CONSENT REVOKED
62a9eb195b07f20154ec8703,617406fbfced12169896d158,RETURNED,2022-06-15 14:32:17.774000,,60837.525181,57,413,0,100,,,CONSENT REVOKED,CONSENT REVOKED,CONSENT REVOKED,CONSENT REVOKED,CONSENT REVOKED,CONSENT REVOKED,CONSENT REVOKED,CONSENT REVOKED,CONSENT REVOKED
62a9eb26dcd7b0fa86a02fb5,611deba293f2155768efa363,RETURNED,2022-06-15 14:22:41.835000,,61413.475962,30,63,2,98,,,CONSENT REVOKED,CONSENT REVOKED,CONSENT REVOKED,CONSENT REVOKED,CONSENT REVOKED,CONSENT REVOKED,CONSENT REVOKED,CONSENT REVOKED,CONSENT REVOKED
62a9eb344ef950af54095e4d,603d0e0e5b0386b034e93bf5,AWAITING REVIEW,2022-06-15 14:27:48.512000,2022-06-15 14:45:51.797000,1083.285,25,247,0,100,,39F54BF2,Italy,Italy,Other,Italian,Italy,Yes,Female,Yes,Yes
62a9eb70a12a6e7fa33c4fc0,615c9048009908071a2faa55,RETURNED,2022-06-15 14:24:18.987000,,61316.349527,24,15,0,100,,,CONSENT REVOKED,CONSENT REVOKED,CONSENT REVOKED,CONSENT REVOKED,CONSENT REVOKED,CONSENT REVOKED,CONSENT REVOKED,CONSENT REVOKED,CONSENT REVOKED
62a9eb80250bb64e3ccd7b55,60bf8ac0ada16d1f6e8d5e9c,RETURNED,2022-06-15 14:30:33.831000,,60941.518193,21,55,0,100,,,CONSENT REVOKED,CONSENT REVOKED,CONSENT REVOKED,CONSENT REVOKED,CONSENT REVOKED,CONSENT REVOKED,CONSENT REVOKED,CONSENT REVOKED,CONSENT REVOKED
62a9ebaaeeaee49e563c2d25,60d2f9397932f9695f49f5f4,RETURNED,2022-06-15 14:24:45.091000,,61290.270922,35,158,2,100,,,CONSENT REVOKED,CONSENT REVOKED,CONSENT REVOKED,CONSENT REVOKED,CONSENT REVOKED,CONSENT REVOKED,CONSENT REVOKED,CONSENT REVOKED,CONSENT REVOKED
62a9ec076413aecfe61c8bb3,613aa0162f4662712a517461,RETURNED,2022-06-15 14:36:15.401000,,60599.974331,24,153,1,100,,,CONSENT REVOKED,CONSENT REVOKED,CONSENT REVOKED,CONSENT REVOKED,CONSENT REVOKED,CONSENT REVOKED,CONSENT REVOKED,CONSENT REVOKED,CONSENT REVOKED
62a9ec16e77b6e9459ff4224,5e28e735ea776009d4d15c34,RETURNED,2022-06-15 14:36:30.766000,,60584.621797,36,1175,9,99,,,CONSENT REVOKED,CONSENT REVOKED,CONSENT REVOKED,CONSENT REVOKED,CONSENT REVOKED,CONSENT REVOKED,CONSENT REVOKED,CONSENT REVOKED,CONSENT REVOKED
62a9ec4b2881f05b808ff2eb,5d0ce65611f9b50015c4ae74,RETURNED,2022-06-15 14:37:23.104000,,60532.296689,21,146,1,100,,,CONSENT REVOKED,CONSENT REVOKED,CONSENT REVOKED,CONSENT REVOKED,CONSENT REVOKED,CONSENT REVOKED,CONSENT REVOKED,CONSENT REVOKED,CONSENT REVOKED
62a9ec4d222c0f94e36918d9,5baa21188a01680001ff1a6f,RETURNED,2022-06-15 14:27:33.092000,,61122.320619,49,543,3,100,,,CONSENT REVOKED,CONSENT REVOKED,CONSENT REVOKED,CONSENT REVOKED,CONSENT REVOKED,CONSENT REVOKED,CONSENT REVOKED,CONSENT REVOKED,CONSENT REVOKED
62a9ec6b94438305129fbfc8,612266b4f9ae4a5d04a21dd4,AWAITING REVIEW,2022-06-15 14:28:02.801000,2022-06-15 14:34:23.901000,381.1,32,499,5,98,,39F54BF2,United Kingdom,United Kingdom,Full-Time,English,United Kingdom,Yes,Male,No,Yes
62a9ec97b186e24217f3a3f5,5da74e9437d4210016492810,RETURNED,2022-06-15 14:38:39.642000,,60455.800752,52,317,2,100,,,CONSENT REVOKED,CONSENT REVOKED,CONSENT REVOKED,CONSENT REVOKED,CONSENT REVOKED,CONSENT REVOKED,CONSENT REVOKED,CONSENT REVOKED,CONSENT REVOKED
62a9ecf042dbae5655c7cfad,601e028aea41df251254119a,AWAITING REVIEW,2022-06-15 14:30:08.036000,2022-06-15 14:42:19.380000,731.344,32,666,0,100,,39F54BF2,United Kingdom,United Kingdom,Full-Time,English,United Kingdom,Yes,Female,No,Yes
62a9ecf2880761bceb3edaeb,60b8f2c365ec36a3395896b6,RETURNED,2022-06-15 14:30:10.248000,,60965.220163,51,457,3,100,,,CONSENT REVOKED,CONSENT REVOKED,CONSENT REVOKED,CONSENT REVOKED,CONSENT REVOKED,CONSENT REVOKED,CONSENT REVOKED,CONSENT REVOKED,CONSENT REVOKED
62a9ecfa107ba005c75c7c4f,5dafea4de40355001651fa2f,RETURNED,2022-06-15 14:30:23.217000,,60952.264255,27,546,8,98,,,CONSENT REVOKED,CONSENT REVOKED,CONSENT REVOKED,CONSENT REVOKED,CONSENT REVOKED,CONSENT REVOKED,CONSENT REVOKED,CONSENT REVOKED,CONSENT REVOKED
62a9ed03a169d255c9fb0e5f,601903a3842bcc20df15b296,AWAITING REVIEW,2022-06-15 14:30:32.316000,2022-06-15 14:54:59.638000,1467.322,33,341,1,100,,39F54BF2,South Africa,South Africa,Part-Time,English,South Africa,Yes,Male,No,Yes
62a9ed3a68f588fcc3c0a318,5ed9111a0e4140448926fcd4,TIMED-OUT,2022-06-15 14:31:27.115000,,60888.392198,52,252,3,99,,,Portugal,Portugal,Full-Time,Portuguese,Portugal,Yes,Female,No,Yes
62a9ed623d4e1ad7f68de9f1,5fd391f111059f000ac10cde,RETURNED,2022-06-15 14:43:01.317000,,60194.203225,27,98,1,99,,,CONSENT REVOKED,CONSENT REVOKED,CONSENT REVOKED,CONSENT REVOKED,CONSENT REVOKED,CONSENT REVOKED,CONSENT REVOKED,CONSENT REVOKED,CONSENT REVOKED
62a9ed8eab156a04a642e801,5ea057b821f4e400081b71a7,RETURNED,2022-06-15 14:32:50.139000,,60805.396371,65,902,4,100,,,CONSENT REVOKED,CONSENT REVOKED,CONSENT REVOKED,CONSENT REVOKED,CONSENT REVOKED,CONSENT REVOKED,CONSENT REVOKED,CONSENT REVOKED,CONSENT REVOKED
62a9edd69eb14ee4eb53b435,60cb4f111e27b7ab3656e188,AWAITING REVIEW,2022-06-15 14:34:03.903000,2022-06-15 14:45:17.028000,673.125,50,75,1,100,,39F54BF2,India,South Africa,DATA EXPIRED,Hindi,India,Yes,Female,DATA EXPIRED,Yes
62a9ee166658e7bfd8cfdfb8,5c8bafb53b6f3d00013d7c30,RETURNED,2022-06-15 14:45:02.371000,,60073.192859,32,803,1,100,,,CONSENT REVOKED,CONSENT REVOKED,CONSENT REVOKED,CONSENT REVOKED,CONSENT REVOKED,CONSENT REVOKED,CONSENT REVOKED,CONSENT REVOKED,CONSENT REVOKED
62a9ee28cbaf2a610f172268,61388a02b44b94c45b2a2d9e,TIMED-OUT,2022-06-15 14:35:26.077000,,60649.499671,23,49,1,100,,,Italy,Italy,Full-Time,Italian,Italy,Yes,Female,No,Yes
62a9eec4e56e5f1ef4276352,5ce7bd64a6f1d500164b6da6,RETURNED,2022-06-15 14:37:58.404000,,60497.187318,27,324,9,96,,,CONSENT REVOKED,CONSENT REVOKED,CONSENT REVOKED,CONSENT REVOKED,CONSENT REVOKED,CONSENT REVOKED,CONSENT REVOKED,CONSENT REVOKED,CONSENT REVOKED
62a9efbc53ac499db6bb7b9c,60a6ba026f8bd75b67b23c97,RETURNED,2022-06-15 14:42:06.442000,,60249.163104,22,184,4,97,,,CONSENT REVOKED,CONSENT REVOKED,CONSENT REVOKED,CONSENT REVOKED,CONSENT REVOKED,CONSENT REVOKED,CONSENT REVOKED,CONSENT REVOKED,CONSENT REVOKED
62a9effe1a2cb5bfeae9a49f,60fe8de5380ae67bf7370ac8,RETURNED,2022-06-15 14:43:29.048000,,60166.56924,30,383,2,100,,,CONSENT REVOKED,CONSENT REVOKED,CONSENT REVOKED,CONSENT REVOKED,CONSENT REVOKED,CONSENT REVOKED,CONSENT REVOKED,CONSENT REVOKED,CONSENT REVOKED
62a9f019a4598d0d4a256fc4,5f16ea9ebc1b4201e1f0b47e,AWAITING REVIEW,2022-06-15 14:43:41.789000,2022-06-15 14:51:25.141000,463.352,37,57,0,100,,7087CC1D,Iran,Sweden,Full-Time,Kurdish,Sweden,Yes,Female,Yes,Yes
62a9f10406d578696e5af16a,60a0a3dda042dc48351534ae,RETURNED,2022-06-15 14:49:32.817000,,59802.827015,30,164,1,100,,,CONSENT REVOKED,CONSENT REVOKED,CONSENT REVOKED,CONSENT REVOKED,CONSENT REVOKED,CONSENT REVOKED,CONSENT REVOKED,CONSENT REVOKED,CONSENT REVOKED
62a9f3b736039eb026d13944,60fd3d262e419d609598f116,RETURNED,2022-06-15 15:00:17.364000,,59158.292859,25,264,2,100,,,CONSENT REVOKED,CONSENT REVOKED,CONSENT REVOKED,CONSENT REVOKED,CONSENT REVOKED,CONSENT REVOKED,CONSENT REVOKED,CONSENT REVOKED,CONSENT REVOKED
62a9f438cb6a98514be7bdea,5b8c8e7d0c740e00019d55c3,RETURNED,2022-06-15 15:11:12.079000,,58503.591555,36,837,3,100,,,CONSENT REVOKED,CONSENT REVOKED,CONSENT REVOKED,CONSENT REVOKED,CONSENT REVOKED,CONSENT REVOKED,CONSENT REVOKED,CONSENT REVOKED,CONSENT REVOKED
62a9f470203ce45d22090224,6160d556747bbac73b681dc0,AWAITING REVIEW,2022-06-15 15:02:17.590000,2022-06-15 15:10:23.410000,485.82,25,57,1,100,,39F54BF2,Mexico,Mexico,Part-Time,Spanish,Mexico,Yes,Female,Yes,Yes
62a9f5a7726adcb3f144b88f,6123c189f52c1c459f9f892f,RETURNED,2022-06-15 15:17:19.964000,,58135.733523,25,127,2,100,,,CONSENT REVOKED,CONSENT REVOKED,CONSENT REVOKED,CONSENT REVOKED,CONSENT REVOKED,CONSENT REVOKED,CONSENT REVOKED,CONSENT REVOKED,CONSENT REVOKED
62a9f5b8322817be2380e012,612ba6c594a6d54154a88ae7,RETURNED,2022-06-15 15:07:36.046000,,58719.663717,21,343,1,100,,,CONSENT REVOKED,CONSENT REVOKED,CONSENT REVOKED,CONSENT REVOKED,CONSENT REVOKED,CONSENT REVOKED,CONSENT REVOKED,CONSENT REVOKED,CONSENT REVOKED
62a9f5e30bf065125dbee97b,5e8857494fc4234d2420439c,RETURNED,2022-06-15 15:15:02.614000,,58273.109316,45,348,3,100,,,CONSENT REVOKED,CONSENT REVOKED,CONSENT REVOKED,CONSENT REVOKED,CONSENT REVOKED,CONSENT REVOKED,CONSENT REVOKED,CONSENT REVOKED,CONSENT REVOKED
62a9f785fa5438dc7f11a356,5ee0edcb962eba464f486b40,RETURNED,2022-06-15 15:19:42.672000,,57993.065365,63,1201,2,100,,,CONSENT REVOKED,CONSENT REVOKED,CONSENT REVOKED,CONSENT REVOKED,CONSENT REVOKED,CONSENT REVOKED,CONSENT REVOKED,CONSENT REVOKED,CONSENT REVOKED
62a9f7899f7871e550124b4b,629f38758406f09469686645,RETURNED,2022-06-15 15:15:26.124000,,58249.626552,26,9,0,100,,,CONSENT REVOKED,CONSENT REVOKED,CONSENT REVOKED,CONSENT REVOKED,CONSENT REVOKED,CONSENT REVOKED,CONSENT REVOKED,CONSENT REVOKED,CONSENT REVOKED
62a9f7c231126619a804ecde,613a802b5c0b64bb69295ff3,AWAITING REVIEW,2022-06-15 15:16:27.124000,2022-06-15 15:23:24.657000,417.533,22,177,2,99,,39F54BF2,Mexico,Mexico,Unemployed (and job seeking),Spanish,Mexico,Yes,Female,Yes,Yes
62a9f7cec1c9fe9f1df4c6ba,5f2d14d99d93bf265393b8ac,RETURNED,2022-06-15 15:17:01.784000,,58153.993318,31,474,4,100,,,CONSENT REVOKED,CONSENT REVOKED,CONSENT REVOKED,CONSENT REVOKED,CONSENT REVOKED,CONSENT REVOKED,CONSENT REVOKED,CONSENT REVOKED,CONSENT REVOKED
62a9f871de8c453ea25d5284,5a958d78f05361000171c54c,RETURNED,2022-06-15 15:29:13.266000,,57422.523509,30,302,2,100,,,CONSENT REVOKED,CONSENT REVOKED,CONSENT REVOKED,CONSENT REVOKED,CONSENT REVOKED,CONSENT REVOKED,CONSENT REVOKED,CONSENT REVOKED,CONSENT REVOKED
62a9f883bf3d09763a843d4e,5e5521580ee1b951df544c3c,RETURNED,2022-06-15 15:29:31.804000,,57403.997866,42,827,6,99,,,CONSENT REVOKED,CONSENT REVOKED,CONSENT REVOKED,CONSENT REVOKED,CONSENT REVOKED,CONSENT REVOKED,CONSENT REVOKED,CONSENT REVOKED,CONSENT REVOKED
62a9f8b2282afdec58799a40,61673b692a55fba0f6b8abf1,RETURNED,2022-06-15 15:30:18.446000,,57357.367972,29,396,0,100,,,CONSENT REVOKED,CONSENT REVOKED,CONSENT REVOKED,CONSENT REVOKED,CONSENT REVOKED,CONSENT REVOKED,CONSENT REVOKED,CONSENT REVOKED,CONSENT REVOKED
62a9f8c31026ca048b90ca19,60ed422f77c903379187954a,AWAITING REVIEW,2022-06-15 15:20:37.311000,2022-06-15 15:31:38.579000,661.268,26,199,0,100,,39F54BF2,South Africa,South Africa,Full-Time,DATA EXPIRED,South Africa,Yes,Male,No,Yes
62a9fb5b324c51adb63c1091,60f86773e1cc7868421ee9d8,AWAITING REVIEW,2022-06-15 15:33:03.270000,2022-06-15 15:44:52.075000,708.805,25,188,2,99,,39F54BF2,South Africa,South Africa,Full-Time,DATA EXPIRED,South Africa,Yes,Male,Yes,Yes
